BR,IF,D,0.01,0.03,710.0, 1/14/2022
BR,VVS1,D,0.01,0.03,710.0, 1/14/2022
BR,VVS2,D,0.01,0.03,710.0, 1/14/2022
BR,VS1,D,0.01,0.03,650.0, 1/14/2022
BR,VS2,D,0.01,0.03,650.0, 1/14/2022
BR,SI1,D,0.01,0.03,560.0, 1/14/2022
BR,SI2,D,0.01,0.03,500.0, 1/14/2022
BR,SI3,D,0.01,0.03,420.0, 1/14/2022
BR,I1,D,0.01,0.03,370.0, 1/14/2022
BR,I2,D,0.01,0.03,320.0, 1/14/2022
BR,I3,D,0.01,0.03,250.0, 1/14/2022
BR,IF,E,0.01,0.03,710.0, 1/14/2022
BR,VVS1,E,0.01,0.03,710.0, 1/14/2022
BR,VVS2,E,0.01,0.03,710.0, 1/14/2022
BR,VS1,E,0.01,0.03,650.0, 1/14/2022
BR,VS2,E,0.01,0.03,650.0, 1/14/2022
BR,SI1,E,0.01,0.03,560.0, 1/14/2022
BR,SI2,E,0.01,0.03,500.0, 1/14/2022
BR,SI3,E,0.01,0.03,420.0, 1/14/2022
BR,I1,E,0.01,0.03,370.0, 1/14/2022
BR,I2,E,0.01,0.03,320.0, 1/14/2022
BR,I3,E,0.01,0.03,250.0, 1/14/2022
BR,IF,F,0.01,0.03,710.0, 1/14/2022
BR,VVS1,F,0.01,0.03,710.0, 1/14/2022
BR,VVS2,F,0.01,0.03,710.0, 1/14/2022
BR,VS1,F,0.01,0.03,650.0, 1/14/2022
BR,VS2,F,0.01,0.03,650.0, 1/14/2022
BR,SI1,F,0.01,0.03,560.0, 1/14/2022
BR,SI2,F,0.01,0.03,500.0, 1/14/2022
BR,SI3,F,0.01,0.03,420.0, 1/14/2022
BR,I1,F,0.01,0.03,370.0, 1/14/2022
BR,I2,F,0.01,0.03,320.0, 1/14/2022
BR,I3,F,0.01,0.03,250.0, 1/14/2022
BR,IF,G,0.01,0.03,640.0, 1/14/2022
BR,VVS1,G,0.01,0.03,640.0, 1/14/2022
BR,VVS2,G,0.01,0.03,640.0, 1/14/2022
BR,VS1,G,0.01,0.03,580.0, 1/14/2022
BR,VS2,G,0.01,0.03,580.0, 1/14/2022
BR,SI1,G,0.01,0.03,510.0, 1/14/2022
BR,SI2,G,0.01,0.03,460.0, 1/14/2022
BR,SI3,G,0.01,0.03,390.0, 1/14/2022
BR,I1,G,0.01,0.03,340.0, 1/14/2022
BR,I2,G,0.01,0.03,280.0, 1/14/2022
BR,I3,G,0.01,0.03,230.0, 1/14/2022
BR,IF,H,0.01,0.03,640.0, 1/14/2022
BR,VVS1,H,0.01,0.03,640.0, 1/14/2022
BR,VVS2,H,0.01,0.03,640.0, 1/14/2022
BR,VS1,H,0.01,0.03,580.0, 1/14/2022
BR,VS2,H,0.01,0.03,580.0, 1/14/2022
BR,SI1,H,0.01,0.03,510.0, 1/14/2022
BR,SI2,H,0.01,0.03,460.0, 1/14/2022
BR,SI3,H,0.01,0.03,390.0, 1/14/2022
BR,I1,H,0.01,0.03,340.0, 1/14/2022
BR,I2,H,0.01,0.03,280.0, 1/14/2022
BR,I3,H,0.01,0.03,230.0, 1/14/2022
BR,IF,I,0.01,0.03,580.0, 1/14/2022
BR,VVS1,I,0.01,0.03,580.0, 1/14/2022
BR,VVS2,I,0.01,0.03,580.0, 1/14/2022
BR,VS1,I,0.01,0.03,530.0, 1/14/2022
BR,VS2,I,0.01,0.03,530.0, 1/14/2022
BR,SI1,I,0.01,0.03,470.0, 1/14/2022
BR,SI2,I,0.01,0.03,420.0, 1/14/2022
BR,SI3,I,0.01,0.03,350.0, 1/14/2022
BR,I1,I,0.01,0.03,300.0, 1/14/2022
BR,I2,I,0.01,0.03,250.0, 1/14/2022
BR,I3,I,0.01,0.03,210.0, 1/14/2022
BR,IF,J,0.01,0.03,580.0, 1/14/2022
BR,VVS1,J,0.01,0.03,580.0, 1/14/2022
BR,VVS2,J,0.01,0.03,580.0, 1/14/2022
BR,VS1,J,0.01,0.03,530.0, 1/14/2022
BR,VS2,J,0.01,0.03,530.0, 1/14/2022
BR,SI1,J,0.01,0.03,470.0, 1/14/2022
BR,SI2,J,0.01,0.03,420.0, 1/14/2022
BR,SI3,J,0.01,0.03,350.0, 1/14/2022
BR,I1,J,0.01,0.03,300.0, 1/14/2022
BR,I2,J,0.01,0.03,250.0, 1/14/2022
BR,I3,J,0.01,0.03,210.0, 1/14/2022
BR,IF,K,0.01,0.03,410.0, 1/14/2022
BR,VVS1,K,0.01,0.03,410.0, 1/14/2022
BR,VVS2,K,0.01,0.03,410.0, 1/14/2022
BR,VS1,K,0.01,0.03,370.0, 1/14/2022
BR,VS2,K,0.01,0.03,370.0, 1/14/2022
BR,SI1,K,0.01,0.03,330.0, 1/14/2022
BR,SI2,K,0.01,0.03,290.0, 1/14/2022
BR,SI3,K,0.01,0.03,260.0, 1/14/2022
BR,I1,K,0.01,0.03,220.0, 1/14/2022
BR,I2,K,0.01,0.03,180.0, 1/14/2022
BR,I3,K,0.01,0.03,140.0, 1/14/2022
BR,IF,L,0.01,0.03,410.0, 1/14/2022
BR,VVS1,L,0.01,0.03,410.0, 1/14/2022
BR,VVS2,L,0.01,0.03,410.0, 1/14/2022
BR,VS1,L,0.01,0.03,370.0, 1/14/2022
BR,VS2,L,0.01,0.03,370.0, 1/14/2022
BR,SI1,L,0.01,0.03,330.0, 1/14/2022
BR,SI2,L,0.01,0.03,290.0, 1/14/2022
BR,SI3,L,0.01,0.03,260.0, 1/14/2022
BR,I1,L,0.01,0.03,220.0, 1/14/2022
BR,I2,L,0.01,0.03,180.0, 1/14/2022
BR,I3,L,0.01,0.03,140.0, 1/14/2022
BR,IF,M,0.01,0.03,280.0, 1/14/2022
BR,VVS1,M,0.01,0.03,280.0, 1/14/2022
BR,VVS2,M,0.01,0.03,280.0, 1/14/2022
BR,VS1,M,0.01,0.03,240.0, 1/14/2022
BR,VS2,M,0.01,0.03,240.0, 1/14/2022
BR,SI1,M,0.01,0.03,210.0, 1/14/2022
BR,SI2,M,0.01,0.03,180.0, 1/14/2022
BR,SI3,M,0.01,0.03,160.0, 1/14/2022
BR,I1,M,0.01,0.03,140.0, 1/14/2022
BR,I2,M,0.01,0.03,120.0, 1/14/2022
BR,I3,M,0.01,0.03,100.0, 1/14/2022
BR,IF,N,0.01,0.03,280.0, 1/14/2022
BR,VVS1,N,0.01,0.03,280.0, 1/14/2022
BR,VVS2,N,0.01,0.03,280.0, 1/14/2022
BR,VS1,N,0.01,0.03,240.0, 1/14/2022
BR,VS2,N,0.01,0.03,240.0, 1/14/2022
BR,SI1,N,0.01,0.03,210.0, 1/14/2022
BR,SI2,N,0.01,0.03,180.0, 1/14/2022
BR,SI3,N,0.01,0.03,160.0, 1/14/2022
BR,I1,N,0.01,0.03,140.0, 1/14/2022
BR,I2,N,0.01,0.03,120.0, 1/14/2022
BR,I3,N,0.01,0.03,100.0, 1/14/2022
BR,IF,D,0.04,0.07,810.0, 1/14/2022
BR,VVS1,D,0.04,0.07,810.0, 1/14/2022
BR,VVS2,D,0.04,0.07,810.0, 1/14/2022
BR,VS1,D,0.04,0.07,740.0, 1/14/2022
BR,VS2,D,0.04,0.07,740.0, 1/14/2022
BR,SI1,D,0.04,0.07,630.0, 1/14/2022
BR,SI2,D,0.04,0.07,550.0, 1/14/2022
BR,SI3,D,0.04,0.07,450.0, 1/14/2022
BR,I1,D,0.04,0.07,410.0, 1/14/2022
BR,I2,D,0.04,0.07,360.0, 1/14/2022
BR,I3,D,0.04,0.07,270.0, 1/14/2022
BR,IF,E,0.04,0.07,810.0, 1/14/2022
BR,VVS1,E,0.04,0.07,810.0, 1/14/2022
BR,VVS2,E,0.04,0.07,810.0, 1/14/2022
BR,VS1,E,0.04,0.07,740.0, 1/14/2022
BR,VS2,E,0.04,0.07,740.0, 1/14/2022
BR,SI1,E,0.04,0.07,630.0, 1/14/2022
BR,SI2,E,0.04,0.07,550.0, 1/14/2022
BR,SI3,E,0.04,0.07,450.0, 1/14/2022
BR,I1,E,0.04,0.07,410.0, 1/14/2022
BR,I2,E,0.04,0.07,360.0, 1/14/2022
BR,I3,E,0.04,0.07,270.0, 1/14/2022
BR,IF,F,0.04,0.07,810.0, 1/14/2022
BR,VVS1,F,0.04,0.07,810.0, 1/14/2022
BR,VVS2,F,0.04,0.07,810.0, 1/14/2022
BR,VS1,F,0.04,0.07,740.0, 1/14/2022
BR,VS2,F,0.04,0.07,740.0, 1/14/2022
BR,SI1,F,0.04,0.07,630.0, 1/14/2022
BR,SI2,F,0.04,0.07,550.0, 1/14/2022
BR,SI3,F,0.04,0.07,450.0, 1/14/2022
BR,I1,F,0.04,0.07,410.0, 1/14/2022
BR,I2,F,0.04,0.07,360.0, 1/14/2022
BR,I3,F,0.04,0.07,270.0, 1/14/2022
BR,IF,G,0.04,0.07,690.0, 1/14/2022
BR,VVS1,G,0.04,0.07,690.0, 1/14/2022
BR,VVS2,G,0.04,0.07,690.0, 1/14/2022
BR,VS1,G,0.04,0.07,630.0, 1/14/2022
BR,VS2,G,0.04,0.07,630.0, 1/14/2022
BR,SI1,G,0.04,0.07,560.0, 1/14/2022
BR,SI2,G,0.04,0.07,490.0, 1/14/2022
BR,SI3,G,0.04,0.07,420.0, 1/14/2022
BR,I1,G,0.04,0.07,380.0, 1/14/2022
BR,I2,G,0.04,0.07,330.0, 1/14/2022
BR,I3,G,0.04,0.07,250.0, 1/14/2022
BR,IF,H,0.04,0.07,690.0, 1/14/2022
BR,VVS1,H,0.04,0.07,690.0, 1/14/2022
BR,VVS2,H,0.04,0.07,690.0, 1/14/2022
BR,VS1,H,0.04,0.07,630.0, 1/14/2022
BR,VS2,H,0.04,0.07,630.0, 1/14/2022
BR,SI1,H,0.04,0.07,560.0, 1/14/2022
BR,SI2,H,0.04,0.07,490.0, 1/14/2022
BR,SI3,H,0.04,0.07,420.0, 1/14/2022
BR,I1,H,0.04,0.07,380.0, 1/14/2022
BR,I2,H,0.04,0.07,330.0, 1/14/2022
BR,I3,H,0.04,0.07,250.0, 1/14/2022
BR,IF,I,0.04,0.07,620.0, 1/14/2022
BR,VVS1,I,0.04,0.07,620.0, 1/14/2022
BR,VVS2,I,0.04,0.07,620.0, 1/14/2022
BR,VS1,I,0.04,0.07,570.0, 1/14/2022
BR,VS2,I,0.04,0.07,570.0, 1/14/2022
BR,SI1,I,0.04,0.07,510.0, 1/14/2022
BR,SI2,I,0.04,0.07,450.0, 1/14/2022
BR,SI3,I,0.04,0.07,390.0, 1/14/2022
BR,I1,I,0.04,0.07,350.0, 1/14/2022
BR,I2,I,0.04,0.07,300.0, 1/14/2022
BR,I3,I,0.04,0.07,230.0, 1/14/2022
BR,IF,J,0.04,0.07,620.0, 1/14/2022
BR,VVS1,J,0.04,0.07,620.0, 1/14/2022
BR,VVS2,J,0.04,0.07,620.0, 1/14/2022
BR,VS1,J,0.04,0.07,570.0, 1/14/2022
BR,VS2,J,0.04,0.07,570.0, 1/14/2022
BR,SI1,J,0.04,0.07,510.0, 1/14/2022
BR,SI2,J,0.04,0.07,450.0, 1/14/2022
BR,SI3,J,0.04,0.07,390.0, 1/14/2022
BR,I1,J,0.04,0.07,350.0, 1/14/2022
BR,I2,J,0.04,0.07,300.0, 1/14/2022
BR,I3,J,0.04,0.07,230.0, 1/14/2022
BR,IF,K,0.04,0.07,440.0, 1/14/2022
BR,VVS1,K,0.04,0.07,440.0, 1/14/2022
BR,VVS2,K,0.04,0.07,440.0, 1/14/2022
BR,VS1,K,0.04,0.07,400.0, 1/14/2022
BR,VS2,K,0.04,0.07,400.0, 1/14/2022
BR,SI1,K,0.04,0.07,360.0, 1/14/2022
BR,SI2,K,0.04,0.07,320.0, 1/14/2022
BR,SI3,K,0.04,0.07,280.0, 1/14/2022
BR,I1,K,0.04,0.07,240.0, 1/14/2022
BR,I2,K,0.04,0.07,200.0, 1/14/2022
BR,I3,K,0.04,0.07,150.0, 1/14/2022
BR,IF,L,0.04,0.07,440.0, 1/14/2022
BR,VVS1,L,0.04,0.07,440.0, 1/14/2022
BR,VVS2,L,0.04,0.07,440.0, 1/14/2022
BR,VS1,L,0.04,0.07,400.0, 1/14/2022
BR,VS2,L,0.04,0.07,400.0, 1/14/2022
BR,SI1,L,0.04,0.07,360.0, 1/14/2022
BR,SI2,L,0.04,0.07,320.0, 1/14/2022
BR,SI3,L,0.04,0.07,280.0, 1/14/2022
BR,I1,L,0.04,0.07,240.0, 1/14/2022
BR,I2,L,0.04,0.07,200.0, 1/14/2022
BR,I3,L,0.04,0.07,150.0, 1/14/2022
BR,IF,M,0.04,0.07,300.0, 1/14/2022
BR,VVS1,M,0.04,0.07,300.0, 1/14/2022
BR,VVS2,M,0.04,0.07,300.0, 1/14/2022
BR,VS1,M,0.04,0.07,260.0, 1/14/2022
BR,VS2,M,0.04,0.07,260.0, 1/14/2022
BR,SI1,M,0.04,0.07,230.0, 1/14/2022
BR,SI2,M,0.04,0.07,200.0, 1/14/2022
BR,SI3,M,0.04,0.07,170.0, 1/14/2022
BR,I1,M,0.04,0.07,150.0, 1/14/2022
BR,I2,M,0.04,0.07,130.0, 1/14/2022
BR,I3,M,0.04,0.07,110.0, 1/14/2022
BR,IF,N,0.04,0.07,300.0, 1/14/2022
BR,VVS1,N,0.04,0.07,300.0, 1/14/2022
BR,VVS2,N,0.04,0.07,300.0, 1/14/2022
BR,VS1,N,0.04,0.07,260.0, 1/14/2022
BR,VS2,N,0.04,0.07,260.0, 1/14/2022
BR,SI1,N,0.04,0.07,230.0, 1/14/2022
BR,SI2,N,0.04,0.07,200.0, 1/14/2022
BR,SI3,N,0.04,0.07,170.0, 1/14/2022
BR,I1,N,0.04,0.07,150.0, 1/14/2022
BR,I2,N,0.04,0.07,130.0, 1/14/2022
BR,I3,N,0.04,0.07,110.0, 1/14/2022
BR,IF,D,0.08,0.14,920.0, 1/14/2022
BR,VVS1,D,0.08,0.14,920.0, 1/14/2022
BR,VVS2,D,0.08,0.14,920.0, 1/14/2022
BR,VS1,D,0.08,0.14,840.0, 1/14/2022
BR,VS2,D,0.08,0.14,840.0, 1/14/2022
BR,SI1,D,0.08,0.14,750.0, 1/14/2022
BR,SI2,D,0.08,0.14,660.0, 1/14/2022
BR,SI3,D,0.08,0.14,600.0, 1/14/2022
BR,I1,D,0.08,0.14,520.0, 1/14/2022
BR,I2,D,0.08,0.14,430.0, 1/14/2022
BR,I3,D,0.08,0.14,350.0, 1/14/2022
BR,IF,E,0.08,0.14,920.0, 1/14/2022
BR,VVS1,E,0.08,0.14,920.0, 1/14/2022
BR,VVS2,E,0.08,0.14,920.0, 1/14/2022
BR,VS1,E,0.08,0.14,840.0, 1/14/2022
BR,VS2,E,0.08,0.14,840.0, 1/14/2022
BR,SI1,E,0.08,0.14,750.0, 1/14/2022
BR,SI2,E,0.08,0.14,660.0, 1/14/2022
BR,SI3,E,0.08,0.14,600.0, 1/14/2022
BR,I1,E,0.08,0.14,520.0, 1/14/2022
BR,I2,E,0.08,0.14,430.0, 1/14/2022
BR,I3,E,0.08,0.14,350.0, 1/14/2022
BR,IF,F,0.08,0.14,920.0, 1/14/2022
BR,VVS1,F,0.08,0.14,920.0, 1/14/2022
BR,VVS2,F,0.08,0.14,920.0, 1/14/2022
BR,VS1,F,0.08,0.14,840.0, 1/14/2022
BR,VS2,F,0.08,0.14,840.0, 1/14/2022
BR,SI1,F,0.08,0.14,750.0, 1/14/2022
BR,SI2,F,0.08,0.14,660.0, 1/14/2022
BR,SI3,F,0.08,0.14,600.0, 1/14/2022
BR,I1,F,0.08,0.14,520.0, 1/14/2022
BR,I2,F,0.08,0.14,430.0, 1/14/2022
BR,I3,F,0.08,0.14,350.0, 1/14/2022
BR,IF,G,0.08,0.14,820.0, 1/14/2022
BR,VVS1,G,0.08,0.14,820.0, 1/14/2022
BR,VVS2,G,0.08,0.14,820.0, 1/14/2022
BR,VS1,G,0.08,0.14,760.0, 1/14/2022
BR,VS2,G,0.08,0.14,760.0, 1/14/2022
BR,SI1,G,0.08,0.14,680.0, 1/14/2022
BR,SI2,G,0.08,0.14,610.0, 1/14/2022
BR,SI3,G,0.08,0.14,550.0, 1/14/2022
BR,I1,G,0.08,0.14,470.0, 1/14/2022
BR,I2,G,0.08,0.14,390.0, 1/14/2022
BR,I3,G,0.08,0.14,320.0, 1/14/2022
BR,IF,H,0.08,0.14,820.0, 1/14/2022
BR,VVS1,H,0.08,0.14,820.0, 1/14/2022
BR,VVS2,H,0.08,0.14,820.0, 1/14/2022
BR,VS1,H,0.08,0.14,760.0, 1/14/2022
BR,VS2,H,0.08,0.14,760.0, 1/14/2022
BR,SI1,H,0.08,0.14,680.0, 1/14/2022
BR,SI2,H,0.08,0.14,610.0, 1/14/2022
BR,SI3,H,0.08,0.14,550.0, 1/14/2022
BR,I1,H,0.08,0.14,470.0, 1/14/2022
BR,I2,H,0.08,0.14,390.0, 1/14/2022
BR,I3,H,0.08,0.14,320.0, 1/14/2022
BR,IF,I,0.08,0.14,740.0, 1/14/2022
BR,VVS1,I,0.08,0.14,740.0, 1/14/2022
BR,VVS2,I,0.08,0.14,740.0, 1/14/2022
BR,VS1,I,0.08,0.14,680.0, 1/14/2022
BR,VS2,I,0.08,0.14,680.0, 1/14/2022
BR,SI1,I,0.08,0.14,620.0, 1/14/2022
BR,SI2,I,0.08,0.14,560.0, 1/14/2022
BR,SI3,I,0.08,0.14,500.0, 1/14/2022
BR,I1,I,0.08,0.14,430.0, 1/14/2022
BR,I2,I,0.08,0.14,360.0, 1/14/2022
BR,I3,I,0.08,0.14,290.0, 1/14/2022
BR,IF,J,0.08,0.14,740.0, 1/14/2022
BR,VVS1,J,0.08,0.14,740.0, 1/14/2022
BR,VVS2,J,0.08,0.14,740.0, 1/14/2022
BR,VS1,J,0.08,0.14,680.0, 1/14/2022
BR,VS2,J,0.08,0.14,680.0, 1/14/2022
BR,SI1,J,0.08,0.14,620.0, 1/14/2022
BR,SI2,J,0.08,0.14,560.0, 1/14/2022
BR,SI3,J,0.08,0.14,500.0, 1/14/2022
BR,I1,J,0.08,0.14,430.0, 1/14/2022
BR,I2,J,0.08,0.14,360.0, 1/14/2022
BR,I3,J,0.08,0.14,290.0, 1/14/2022
BR,IF,K,0.08,0.14,610.0, 1/14/2022
BR,VVS1,K,0.08,0.14,610.0, 1/14/2022
BR,VVS2,K,0.08,0.14,610.0, 1/14/2022
BR,VS1,K,0.08,0.14,550.0, 1/14/2022
BR,VS2,K,0.08,0.14,550.0, 1/14/2022
BR,SI1,K,0.08,0.14,480.0, 1/14/2022
BR,SI2,K,0.08,0.14,420.0, 1/14/2022
BR,SI3,K,0.08,0.14,360.0, 1/14/2022
BR,I1,K,0.08,0.14,300.0, 1/14/2022
BR,I2,K,0.08,0.14,250.0, 1/14/2022
BR,I3,K,0.08,0.14,200.0, 1/14/2022
BR,IF,L,0.08,0.14,610.0, 1/14/2022
BR,VVS1,L,0.08,0.14,610.0, 1/14/2022
BR,VVS2,L,0.08,0.14,610.0, 1/14/2022
BR,VS1,L,0.08,0.14,550.0, 1/14/2022
BR,VS2,L,0.08,0.14,550.0, 1/14/2022
BR,SI1,L,0.08,0.14,480.0, 1/14/2022
BR,SI2,L,0.08,0.14,420.0, 1/14/2022
BR,SI3,L,0.08,0.14,360.0, 1/14/2022
BR,I1,L,0.08,0.14,300.0, 1/14/2022
BR,I2,L,0.08,0.14,250.0, 1/14/2022
BR,I3,L,0.08,0.14,200.0, 1/14/2022
BR,IF,M,0.08,0.14,390.0, 1/14/2022
BR,VVS1,M,0.08,0.14,390.0, 1/14/2022
BR,VVS2,M,0.08,0.14,390.0, 1/14/2022
BR,VS1,M,0.08,0.14,360.0, 1/14/2022
BR,VS2,M,0.08,0.14,360.0, 1/14/2022
BR,SI1,M,0.08,0.14,320.0, 1/14/2022
BR,SI2,M,0.08,0.14,280.0, 1/14/2022
BR,SI3,M,0.08,0.14,240.0, 1/14/2022
BR,I1,M,0.08,0.14,200.0, 1/14/2022
BR,I2,M,0.08,0.14,170.0, 1/14/2022
BR,I3,M,0.08,0.14,130.0, 1/14/2022
BR,IF,N,0.08,0.14,390.0, 1/14/2022
BR,VVS1,N,0.08,0.14,390.0, 1/14/2022
BR,VVS2,N,0.08,0.14,390.0, 1/14/2022
BR,VS1,N,0.08,0.14,360.0, 1/14/2022
BR,VS2,N,0.08,0.14,360.0, 1/14/2022
BR,SI1,N,0.08,0.14,320.0, 1/14/2022
BR,SI2,N,0.08,0.14,280.0, 1/14/2022
BR,SI3,N,0.08,0.14,240.0, 1/14/2022
BR,I1,N,0.08,0.14,200.0, 1/14/2022
BR,I2,N,0.08,0.14,170.0, 1/14/2022
BR,I3,N,0.08,0.14,130.0, 1/14/2022
BR,IF,D,0.15,0.17,1140.0, 1/14/2022
BR,VVS1,D,0.15,0.17,1140.0, 1/14/2022
BR,VVS2,D,0.15,0.17,1140.0, 1/14/2022
BR,VS1,D,0.15,0.17,1010.0, 1/14/2022
BR,VS2,D,0.15,0.17,1010.0, 1/14/2022
BR,SI1,D,0.15,0.17,890.0, 1/14/2022
BR,SI2,D,0.15,0.17,790.0, 1/14/2022
BR,SI3,D,0.15,0.17,700.0, 1/14/2022
BR,I1,D,0.15,0.17,570.0, 1/14/2022
BR,I2,D,0.15,0.17,460.0, 1/14/2022
BR,I3,D,0.15,0.17,390.0, 1/14/2022
BR,IF,E,0.15,0.17,1140.0, 1/14/2022
BR,VVS1,E,0.15,0.17,1140.0, 1/14/2022
BR,VVS2,E,0.15,0.17,1140.0, 1/14/2022
BR,VS1,E,0.15,0.17,1010.0, 1/14/2022
BR,VS2,E,0.15,0.17,1010.0, 1/14/2022
BR,SI1,E,0.15,0.17,890.0, 1/14/2022
BR,SI2,E,0.15,0.17,790.0, 1/14/2022
BR,SI3,E,0.15,0.17,700.0, 1/14/2022
BR,I1,E,0.15,0.17,570.0, 1/14/2022
BR,I2,E,0.15,0.17,460.0, 1/14/2022
BR,I3,E,0.15,0.17,390.0, 1/14/2022
BR,IF,F,0.15,0.17,1140.0, 1/14/2022
BR,VVS1,F,0.15,0.17,1140.0, 1/14/2022
BR,VVS2,F,0.15,0.17,1140.0, 1/14/2022
BR,VS1,F,0.15,0.17,1010.0, 1/14/2022
BR,VS2,F,0.15,0.17,1010.0, 1/14/2022
BR,SI1,F,0.15,0.17,890.0, 1/14/2022
BR,SI2,F,0.15,0.17,790.0, 1/14/2022
BR,SI3,F,0.15,0.17,700.0, 1/14/2022
BR,I1,F,0.15,0.17,570.0, 1/14/2022
BR,I2,F,0.15,0.17,460.0, 1/14/2022
BR,I3,F,0.15,0.17,390.0, 1/14/2022
BR,IF,G,0.15,0.17,1000.0, 1/14/2022
BR,VVS1,G,0.15,0.17,1000.0, 1/14/2022
BR,VVS2,G,0.15,0.17,1000.0, 1/14/2022
BR,VS1,G,0.15,0.17,900.0, 1/14/2022
BR,VS2,G,0.15,0.17,900.0, 1/14/2022
BR,SI1,G,0.15,0.17,790.0, 1/14/2022
BR,SI2,G,0.15,0.17,700.0, 1/14/2022
BR,SI3,G,0.15,0.17,620.0, 1/14/2022
BR,I1,G,0.15,0.17,510.0, 1/14/2022
BR,I2,G,0.15,0.17,420.0, 1/14/2022
BR,I3,G,0.15,0.17,360.0, 1/14/2022
BR,IF,H,0.15,0.17,1000.0, 1/14/2022
BR,VVS1,H,0.15,0.17,1000.0, 1/14/2022
BR,VVS2,H,0.15,0.17,1000.0, 1/14/2022
BR,VS1,H,0.15,0.17,900.0, 1/14/2022
BR,VS2,H,0.15,0.17,900.0, 1/14/2022
BR,SI1,H,0.15,0.17,790.0, 1/14/2022
BR,SI2,H,0.15,0.17,700.0, 1/14/2022
BR,SI3,H,0.15,0.17,620.0, 1/14/2022
BR,I1,H,0.15,0.17,510.0, 1/14/2022
BR,I2,H,0.15,0.17,420.0, 1/14/2022
BR,I3,H,0.15,0.17,360.0, 1/14/2022
BR,IF,I,0.15,0.17,910.0, 1/14/2022
BR,VVS1,I,0.15,0.17,910.0, 1/14/2022
BR,VVS2,I,0.15,0.17,910.0, 1/14/2022
BR,VS1,I,0.15,0.17,820.0, 1/14/2022
BR,VS2,I,0.15,0.17,820.0, 1/14/2022
BR,SI1,I,0.15,0.17,710.0, 1/14/2022
BR,SI2,I,0.15,0.17,630.0, 1/14/2022
BR,SI3,I,0.15,0.17,560.0, 1/14/2022
BR,I1,I,0.15,0.17,460.0, 1/14/2022
BR,I2,I,0.15,0.17,380.0, 1/14/2022
BR,I3,I,0.15,0.17,320.0, 1/14/2022
BR,IF,J,0.15,0.17,910.0, 1/14/2022
BR,VVS1,J,0.15,0.17,910.0, 1/14/2022
BR,VVS2,J,0.15,0.17,910.0, 1/14/2022
BR,VS1,J,0.15,0.17,820.0, 1/14/2022
BR,VS2,J,0.15,0.17,820.0, 1/14/2022
BR,SI1,J,0.15,0.17,710.0, 1/14/2022
BR,SI2,J,0.15,0.17,630.0, 1/14/2022
BR,SI3,J,0.15,0.17,560.0, 1/14/2022
BR,I1,J,0.15,0.17,460.0, 1/14/2022
BR,I2,J,0.15,0.17,380.0, 1/14/2022
BR,I3,J,0.15,0.17,320.0, 1/14/2022
BR,IF,K,0.15,0.17,700.0, 1/14/2022
BR,VVS1,K,0.15,0.17,700.0, 1/14/2022
BR,VVS2,K,0.15,0.17,700.0, 1/14/2022
BR,VS1,K,0.15,0.17,620.0, 1/14/2022
BR,VS2,K,0.15,0.17,620.0, 1/14/2022
BR,SI1,K,0.15,0.17,530.0, 1/14/2022
BR,SI2,K,0.15,0.17,460.0, 1/14/2022
BR,SI3,K,0.15,0.17,400.0, 1/14/2022
BR,I1,K,0.15,0.17,330.0, 1/14/2022
BR,I2,K,0.15,0.17,270.0, 1/14/2022
BR,I3,K,0.15,0.17,230.0, 1/14/2022
BR,IF,L,0.15,0.17,700.0, 1/14/2022
BR,VVS1,L,0.15,0.17,700.0, 1/14/2022
BR,VVS2,L,0.15,0.17,700.0, 1/14/2022
BR,VS1,L,0.15,0.17,620.0, 1/14/2022
BR,VS2,L,0.15,0.17,620.0, 1/14/2022
BR,SI1,L,0.15,0.17,530.0, 1/14/2022
BR,SI2,L,0.15,0.17,460.0, 1/14/2022
BR,SI3,L,0.15,0.17,400.0, 1/14/2022
BR,I1,L,0.15,0.17,330.0, 1/14/2022
BR,I2,L,0.15,0.17,270.0, 1/14/2022
BR,I3,L,0.15,0.17,230.0, 1/14/2022
BR,IF,M,0.15,0.17,480.0, 1/14/2022
BR,VVS1,M,0.15,0.17,480.0, 1/14/2022
BR,VVS2,M,0.15,0.17,480.0, 1/14/2022
BR,VS1,M,0.15,0.17,420.0, 1/14/2022
BR,VS2,M,0.15,0.17,420.0, 1/14/2022
BR,SI1,M,0.15,0.17,370.0, 1/14/2022
BR,SI2,M,0.15,0.17,330.0, 1/14/2022
BR,SI3,M,0.15,0.17,280.0, 1/14/2022
BR,I1,M,0.15,0.17,230.0, 1/14/2022
BR,I2,M,0.15,0.17,190.0, 1/14/2022
BR,I3,M,0.15,0.17,160.0, 1/14/2022
BR,IF,N,0.15,0.17,480.0, 1/14/2022
BR,VVS1,N,0.15,0.17,480.0, 1/14/2022
BR,VVS2,N,0.15,0.17,480.0, 1/14/2022
BR,VS1,N,0.15,0.17,420.0, 1/14/2022
BR,VS2,N,0.15,0.17,420.0, 1/14/2022
BR,SI1,N,0.15,0.17,370.0, 1/14/2022
BR,SI2,N,0.15,0.17,330.0, 1/14/2022
BR,SI3,N,0.15,0.17,280.0, 1/14/2022
BR,I1,N,0.15,0.17,230.0, 1/14/2022
BR,I2,N,0.15,0.17,190.0, 1/14/2022
BR,I3,N,0.15,0.17,160.0, 1/14/2022
BR,IF,D,0.18,0.22,1370.0, 1/14/2022
BR,VVS1,D,0.18,0.22,1370.0, 1/14/2022
BR,VVS2,D,0.18,0.22,1370.0, 1/14/2022
BR,VS1,D,0.18,0.22,1190.0, 1/14/2022
BR,VS2,D,0.18,0.22,1190.0, 1/14/2022
BR,SI1,D,0.18,0.22,1000.0, 1/14/2022
BR,SI2,D,0.18,0.22,860.0, 1/14/2022
BR,SI3,D,0.18,0.22,750.0, 1/14/2022
BR,I1,D,0.18,0.22,620.0, 1/14/2022
BR,I2,D,0.18,0.22,490.0, 1/14/2022
BR,I3,D,0.18,0.22,420.0, 1/14/2022
BR,IF,E,0.18,0.22,1370.0, 1/14/2022
BR,VVS1,E,0.18,0.22,1370.0, 1/14/2022
BR,VVS2,E,0.18,0.22,1370.0, 1/14/2022
BR,VS1,E,0.18,0.22,1190.0, 1/14/2022
BR,VS2,E,0.18,0.22,1190.0, 1/14/2022
BR,SI1,E,0.18,0.22,1000.0, 1/14/2022
BR,SI2,E,0.18,0.22,860.0, 1/14/2022
BR,SI3,E,0.18,0.22,750.0, 1/14/2022
BR,I1,E,0.18,0.22,620.0, 1/14/2022
BR,I2,E,0.18,0.22,490.0, 1/14/2022
BR,I3,E,0.18,0.22,420.0, 1/14/2022
BR,IF,F,0.18,0.22,1370.0, 1/14/2022
BR,VVS1,F,0.18,0.22,1370.0, 1/14/2022
BR,VVS2,F,0.18,0.22,1370.0, 1/14/2022
BR,VS1,F,0.18,0.22,1190.0, 1/14/2022
BR,VS2,F,0.18,0.22,1190.0, 1/14/2022
BR,SI1,F,0.18,0.22,1000.0, 1/14/2022
BR,SI2,F,0.18,0.22,860.0, 1/14/2022
BR,SI3,F,0.18,0.22,750.0, 1/14/2022
BR,I1,F,0.18,0.22,620.0, 1/14/2022
BR,I2,F,0.18,0.22,490.0, 1/14/2022
BR,I3,F,0.18,0.22,420.0, 1/14/2022
BR,IF,G,0.18,0.22,1230.0, 1/14/2022
BR,VVS1,G,0.18,0.22,1230.0, 1/14/2022
BR,VVS2,G,0.18,0.22,1230.0, 1/14/2022
BR,VS1,G,0.18,0.22,1060.0, 1/14/2022
BR,VS2,G,0.18,0.22,1060.0, 1/14/2022
BR,SI1,G,0.18,0.22,910.0, 1/14/2022
BR,SI2,G,0.18,0.22,780.0, 1/14/2022
BR,SI3,G,0.18,0.22,680.0, 1/14/2022
BR,I1,G,0.18,0.22,560.0, 1/14/2022
BR,I2,G,0.18,0.22,450.0, 1/14/2022
BR,I3,G,0.18,0.22,380.0, 1/14/2022
BR,IF,H,0.18,0.22,1230.0, 1/14/2022
BR,VVS1,H,0.18,0.22,1230.0, 1/14/2022
BR,VVS2,H,0.18,0.22,1230.0, 1/14/2022
BR,VS1,H,0.18,0.22,1060.0, 1/14/2022
BR,VS2,H,0.18,0.22,1060.0, 1/14/2022
BR,SI1,H,0.18,0.22,910.0, 1/14/2022
BR,SI2,H,0.18,0.22,780.0, 1/14/2022
BR,SI3,H,0.18,0.22,680.0, 1/14/2022
BR,I1,H,0.18,0.22,560.0, 1/14/2022
BR,I2,H,0.18,0.22,450.0, 1/14/2022
BR,I3,H,0.18,0.22,380.0, 1/14/2022
BR,IF,I,0.18,0.22,1030.0, 1/14/2022
BR,VVS1,I,0.18,0.22,1030.0, 1/14/2022
BR,VVS2,I,0.18,0.22,1030.0, 1/14/2022
BR,VS1,I,0.18,0.22,900.0, 1/14/2022
BR,VS2,I,0.18,0.22,900.0, 1/14/2022
BR,SI1,I,0.18,0.22,790.0, 1/14/2022
BR,SI2,I,0.18,0.22,690.0, 1/14/2022
BR,SI3,I,0.18,0.22,600.0, 1/14/2022
BR,I1,I,0.18,0.22,500.0, 1/14/2022
BR,I2,I,0.18,0.22,410.0, 1/14/2022
BR,I3,I,0.18,0.22,340.0, 1/14/2022
BR,IF,J,0.18,0.22,1030.0, 1/14/2022
BR,VVS1,J,0.18,0.22,1030.0, 1/14/2022
BR,VVS2,J,0.18,0.22,1030.0, 1/14/2022
BR,VS1,J,0.18,0.22,900.0, 1/14/2022
BR,VS2,J,0.18,0.22,900.0, 1/14/2022
BR,SI1,J,0.18,0.22,790.0, 1/14/2022
BR,SI2,J,0.18,0.22,690.0, 1/14/2022
BR,SI3,J,0.18,0.22,600.0, 1/14/2022
BR,I1,J,0.18,0.22,500.0, 1/14/2022
BR,I2,J,0.18,0.22,410.0, 1/14/2022
BR,I3,J,0.18,0.22,340.0, 1/14/2022
BR,IF,K,0.18,0.22,790.0, 1/14/2022
BR,VVS1,K,0.18,0.22,790.0, 1/14/2022
BR,VVS2,K,0.18,0.22,790.0, 1/14/2022
BR,VS1,K,0.18,0.22,690.0, 1/14/2022
BR,VS2,K,0.18,0.22,690.0, 1/14/2022
BR,SI1,K,0.18,0.22,580.0, 1/14/2022
BR,SI2,K,0.18,0.22,500.0, 1/14/2022
BR,SI3,K,0.18,0.22,430.0, 1/14/2022
BR,I1,K,0.18,0.22,360.0, 1/14/2022
BR,I2,K,0.18,0.22,300.0, 1/14/2022
BR,I3,K,0.18,0.22,250.0, 1/14/2022
BR,IF,L,0.18,0.22,790.0, 1/14/2022
BR,VVS1,L,0.18,0.22,790.0, 1/14/2022
BR,VVS2,L,0.18,0.22,790.0, 1/14/2022
BR,VS1,L,0.18,0.22,690.0, 1/14/2022
BR,VS2,L,0.18,0.22,690.0, 1/14/2022
BR,SI1,L,0.18,0.22,580.0, 1/14/2022
BR,SI2,L,0.18,0.22,500.0, 1/14/2022
BR,SI3,L,0.18,0.22,430.0, 1/14/2022
BR,I1,L,0.18,0.22,360.0, 1/14/2022
BR,I2,L,0.18,0.22,300.0, 1/14/2022
BR,I3,L,0.18,0.22,250.0, 1/14/2022
BR,IF,M,0.18,0.22,650.0, 1/14/2022
BR,VVS1,M,0.18,0.22,650.0, 1/14/2022
BR,VVS2,M,0.18,0.22,650.0, 1/14/2022
BR,VS1,M,0.18,0.22,550.0, 1/14/2022
BR,VS2,M,0.18,0.22,550.0, 1/14/2022
BR,SI1,M,0.18,0.22,470.0, 1/14/2022
BR,SI2,M,0.18,0.22,400.0, 1/14/2022
BR,SI3,M,0.18,0.22,330.0, 1/14/2022
BR,I1,M,0.18,0.22,260.0, 1/14/2022
BR,I2,M,0.18,0.22,210.0, 1/14/2022
BR,I3,M,0.18,0.22,170.0, 1/14/2022
BR,IF,N,0.18,0.22,650.0, 1/14/2022
BR,VVS1,N,0.18,0.22,650.0, 1/14/2022
BR,VVS2,N,0.18,0.22,650.0, 1/14/2022
BR,VS1,N,0.18,0.22,550.0, 1/14/2022
BR,VS2,N,0.18,0.22,550.0, 1/14/2022
BR,SI1,N,0.18,0.22,470.0, 1/14/2022
BR,SI2,N,0.18,0.22,400.0, 1/14/2022
BR,SI3,N,0.18,0.22,330.0, 1/14/2022
BR,I1,N,0.18,0.22,260.0, 1/14/2022
BR,I2,N,0.18,0.22,210.0, 1/14/2022
BR,I3,N,0.18,0.22,170.0, 1/14/2022
BR,IF,D,0.23,0.29,1630.0, 1/14/2022
BR,VVS1,D,0.23,0.29,1630.0, 1/14/2022
BR,VVS2,D,0.23,0.29,1630.0, 1/14/2022
BR,VS1,D,0.23,0.29,1440.0, 1/14/2022
BR,VS2,D,0.23,0.29,1440.0, 1/14/2022
BR,SI1,D,0.23,0.29,1120.0, 1/14/2022
BR,SI2,D,0.23,0.29,970.0, 1/14/2022
BR,SI3,D,0.23,0.29,810.0, 1/14/2022
BR,I1,D,0.23,0.29,670.0, 1/14/2022
BR,I2,D,0.23,0.29,530.0, 1/14/2022
BR,I3,D,0.23,0.29,450.0, 1/14/2022
BR,IF,E,0.23,0.29,1630.0, 1/14/2022
BR,VVS1,E,0.23,0.29,1630.0, 1/14/2022
BR,VVS2,E,0.23,0.29,1630.0, 1/14/2022
BR,VS1,E,0.23,0.29,1440.0, 1/14/2022
BR,VS2,E,0.23,0.29,1440.0, 1/14/2022
BR,SI1,E,0.23,0.29,1120.0, 1/14/2022
BR,SI2,E,0.23,0.29,970.0, 1/14/2022
BR,SI3,E,0.23,0.29,810.0, 1/14/2022
BR,I1,E,0.23,0.29,670.0, 1/14/2022
BR,I2,E,0.23,0.29,530.0, 1/14/2022
BR,I3,E,0.23,0.29,450.0, 1/14/2022
BR,IF,F,0.23,0.29,1630.0, 1/14/2022
BR,VVS1,F,0.23,0.29,1630.0, 1/14/2022
BR,VVS2,F,0.23,0.29,1630.0, 1/14/2022
BR,VS1,F,0.23,0.29,1440.0, 1/14/2022
BR,VS2,F,0.23,0.29,1440.0, 1/14/2022
BR,SI1,F,0.23,0.29,1120.0, 1/14/2022
BR,SI2,F,0.23,0.29,970.0, 1/14/2022
BR,SI3,F,0.23,0.29,810.0, 1/14/2022
BR,I1,F,0.23,0.29,670.0, 1/14/2022
BR,I2,F,0.23,0.29,530.0, 1/14/2022
BR,I3,F,0.23,0.29,450.0, 1/14/2022
BR,IF,G,0.23,0.29,1450.0, 1/14/2022
BR,VVS1,G,0.23,0.29,1450.0, 1/14/2022
BR,VVS2,G,0.23,0.29,1450.0, 1/14/2022
BR,VS1,G,0.23,0.29,1260.0, 1/14/2022
BR,VS2,G,0.23,0.29,1260.0, 1/14/2022
BR,SI1,G,0.23,0.29,1010.0, 1/14/2022
BR,SI2,G,0.23,0.29,870.0, 1/14/2022
BR,SI3,G,0.23,0.29,730.0, 1/14/2022
BR,I1,G,0.23,0.29,600.0, 1/14/2022
BR,I2,G,0.23,0.29,480.0, 1/14/2022
BR,I3,G,0.23,0.29,410.0, 1/14/2022
BR,IF,H,0.23,0.29,1450.0, 1/14/2022
BR,VVS1,H,0.23,0.29,1450.0, 1/14/2022
BR,VVS2,H,0.23,0.29,1450.0, 1/14/2022
BR,VS1,H,0.23,0.29,1260.0, 1/14/2022
BR,VS2,H,0.23,0.29,1260.0, 1/14/2022
BR,SI1,H,0.23,0.29,1010.0, 1/14/2022
BR,SI2,H,0.23,0.29,870.0, 1/14/2022
BR,SI3,H,0.23,0.29,730.0, 1/14/2022
BR,I1,H,0.23,0.29,600.0, 1/14/2022
BR,I2,H,0.23,0.29,480.0, 1/14/2022
BR,I3,H,0.23,0.29,410.0, 1/14/2022
BR,IF,I,0.23,0.29,1180.0, 1/14/2022
BR,VVS1,I,0.23,0.29,1180.0, 1/14/2022
BR,VVS2,I,0.23,0.29,1180.0, 1/14/2022
BR,VS1,I,0.23,0.29,1040.0, 1/14/2022
BR,VS2,I,0.23,0.29,1040.0, 1/14/2022
BR,SI1,I,0.23,0.29,870.0, 1/14/2022
BR,SI2,I,0.23,0.29,750.0, 1/14/2022
BR,SI3,I,0.23,0.29,650.0, 1/14/2022
BR,I1,I,0.23,0.29,540.0, 1/14/2022
BR,I2,I,0.23,0.29,440.0, 1/14/2022
BR,I3,I,0.23,0.29,370.0, 1/14/2022
BR,IF,J,0.23,0.29,1180.0, 1/14/2022
BR,VVS1,J,0.23,0.29,1180.0, 1/14/2022
BR,VVS2,J,0.23,0.29,1180.0, 1/14/2022
BR,VS1,J,0.23,0.29,1040.0, 1/14/2022
BR,VS2,J,0.23,0.29,1040.0, 1/14/2022
BR,SI1,J,0.23,0.29,870.0, 1/14/2022
BR,SI2,J,0.23,0.29,750.0, 1/14/2022
BR,SI3,J,0.23,0.29,650.0, 1/14/2022
BR,I1,J,0.23,0.29,540.0, 1/14/2022
BR,I2,J,0.23,0.29,440.0, 1/14/2022
BR,I3,J,0.23,0.29,370.0, 1/14/2022
BR,IF,K,0.23,0.29,940.0, 1/14/2022
BR,VVS1,K,0.23,0.29,940.0, 1/14/2022
BR,VVS2,K,0.23,0.29,940.0, 1/14/2022
BR,VS1,K,0.23,0.29,830.0, 1/14/2022
BR,VS2,K,0.23,0.29,830.0, 1/14/2022
BR,SI1,K,0.23,0.29,690.0, 1/14/2022
BR,SI2,K,0.23,0.29,590.0, 1/14/2022
BR,SI3,K,0.23,0.29,510.0, 1/14/2022
BR,I1,K,0.23,0.29,400.0, 1/14/2022
BR,I2,K,0.23,0.29,330.0, 1/14/2022
BR,I3,K,0.23,0.29,270.0, 1/14/2022
BR,IF,L,0.23,0.29,940.0, 1/14/2022
BR,VVS1,L,0.23,0.29,940.0, 1/14/2022
BR,VVS2,L,0.23,0.29,940.0, 1/14/2022
BR,VS1,L,0.23,0.29,830.0, 1/14/2022
BR,VS2,L,0.23,0.29,830.0, 1/14/2022
BR,SI1,L,0.23,0.29,690.0, 1/14/2022
BR,SI2,L,0.23,0.29,590.0, 1/14/2022
BR,SI3,L,0.23,0.29,510.0, 1/14/2022
BR,I1,L,0.23,0.29,400.0, 1/14/2022
BR,I2,L,0.23,0.29,330.0, 1/14/2022
BR,I3,L,0.23,0.29,270.0, 1/14/2022
BR,IF,M,0.23,0.29,800.0, 1/14/2022
BR,VVS1,M,0.23,0.29,800.0, 1/14/2022
BR,VVS2,M,0.23,0.29,800.0, 1/14/2022
BR,VS1,M,0.23,0.29,690.0, 1/14/2022
BR,VS2,M,0.23,0.29,690.0, 1/14/2022
BR,SI1,M,0.23,0.29,580.0, 1/14/2022
BR,SI2,M,0.23,0.29,490.0, 1/14/2022
BR,SI3,M,0.23,0.29,420.0, 1/14/2022
BR,I1,M,0.23,0.29,320.0, 1/14/2022
BR,I2,M,0.23,0.29,240.0, 1/14/2022
BR,I3,M,0.23,0.29,190.0, 1/14/2022
BR,IF,N,0.23,0.29,800.0, 1/14/2022
BR,VVS1,N,0.23,0.29,800.0, 1/14/2022
BR,VVS2,N,0.23,0.29,800.0, 1/14/2022
BR,VS1,N,0.23,0.29,690.0, 1/14/2022
BR,VS2,N,0.23,0.29,690.0, 1/14/2022
BR,SI1,N,0.23,0.29,580.0, 1/14/2022
BR,SI2,N,0.23,0.29,490.0, 1/14/2022
BR,SI3,N,0.23,0.29,420.0, 1/14/2022
BR,I1,N,0.23,0.29,320.0, 1/14/2022
BR,I2,N,0.23,0.29,240.0, 1/14/2022
BR,I3,N,0.23,0.29,190.0, 1/14/2022
BR,IF,D,0.30,0.39,3800, 1/14/2022
BR,VVS1,D,0.30,0.39,3000, 1/14/2022
BR,VVS2,D,0.30,0.39,2800, 1/14/2022
BR,VS1,D,0.30,0.39,2600, 1/14/2022
BR,VS2,D,0.30,0.39,2400, 1/14/2022
BR,SI1,D,0.30,0.39,2200, 1/14/2022
BR,SI2,D,0.30,0.39,1900, 1/14/2022
BR,SI3,D,0.30,0.39,1700, 1/14/2022
BR,I1,D,0.30,0.39,1500, 1/14/2022
BR,I2,D,0.30,0.39,1000, 1/14/2022
BR,I3,D,0.30,0.39,700, 1/14/2022
BR,IF,E,0.30,0.39,3000, 1/14/2022
BR,VVS1,E,0.30,0.39,2800, 1/14/2022
BR,VVS2,E,0.30,0.39,2600, 1/14/2022
BR,VS1,E,0.30,0.39,2400, 1/14/2022
BR,VS2,E,0.30,0.39,2300, 1/14/2022
BR,SI1,E,0.30,0.39,2100, 1/14/2022
BR,SI2,E,0.30,0.39,1800, 1/14/2022
BR,SI3,E,0.30,0.39,1600, 1/14/2022
BR,I1,E,0.30,0.39,1400, 1/14/2022
BR,I2,E,0.30,0.39,900, 1/14/2022
BR,I3,E,0.30,0.39,600, 1/14/2022
BR,IF,F,0.30,0.39,2900, 1/14/2022
BR,VVS1,F,0.30,0.39,2700, 1/14/2022
BR,VVS2,F,0.30,0.39,2500, 1/14/2022
BR,VS1,F,0.30,0.39,2300, 1/14/2022
BR,VS2,F,0.30,0.39,2200, 1/14/2022
BR,SI1,F,0.30,0.39,2000, 1/14/2022
BR,SI2,F,0.30,0.39,1700, 1/14/2022
BR,SI3,F,0.30,0.39,1500, 1/14/2022
BR,I1,F,0.30,0.39,1300, 1/14/2022
BR,I2,F,0.30,0.39,900, 1/14/2022
BR,I3,F,0.30,0.39,600, 1/14/2022
BR,IF,G,0.30,0.39,2700, 1/14/2022
BR,VVS1,G,0.30,0.39,2500, 1/14/2022
BR,VVS2,G,0.30,0.39,2300, 1/14/2022
BR,VS1,G,0.30,0.39,2200, 1/14/2022
BR,VS2,G,0.30,0.39,2100, 1/14/2022
BR,SI1,G,0.30,0.39,1900, 1/14/2022
BR,SI2,G,0.30,0.39,1600, 1/14/2022
BR,SI3,G,0.30,0.39,1400, 1/14/2022
BR,I1,G,0.30,0.39,1200, 1/14/2022
BR,I2,G,0.30,0.39,800, 1/14/2022
BR,I3,G,0.30,0.39,500, 1/14/2022
BR,IF,H,0.30,0.39,2500, 1/14/2022
BR,VVS1,H,0.30,0.39,2300, 1/14/2022
BR,VVS2,H,0.30,0.39,2200, 1/14/2022
BR,VS1,H,0.30,0.39,2100, 1/14/2022
BR,VS2,H,0.30,0.39,2000, 1/14/2022
BR,SI1,H,0.30,0.39,1800, 1/14/2022
BR,SI2,H,0.30,0.39,1500, 1/14/2022
BR,SI3,H,0.30,0.39,1200, 1/14/2022
BR,I1,H,0.30,0.39,1000, 1/14/2022
BR,I2,H,0.30,0.39,800, 1/14/2022
BR,I3,H,0.30,0.39,500, 1/14/2022
BR,IF,I,0.30,0.39,2300, 1/14/2022
BR,VVS1,I,0.30,0.39,2200, 1/14/2022
BR,VVS2,I,0.30,0.39,2100, 1/14/2022
BR,VS1,I,0.30,0.39,2000, 1/14/2022
BR,VS2,I,0.30,0.39,1900, 1/14/2022
BR,SI1,I,0.30,0.39,1600, 1/14/2022
BR,SI2,I,0.30,0.39,1400, 1/14/2022
BR,SI3,I,0.30,0.39,1100, 1/14/2022
BR,I1,I,0.30,0.39,900, 1/14/2022
BR,I2,I,0.30,0.39,700, 1/14/2022
BR,I3,I,0.30,0.39,500, 1/14/2022
BR,IF,J,0.30,0.39,2000, 1/14/2022
BR,VVS1,J,0.30,0.39,1900, 1/14/2022
BR,VVS2,J,0.30,0.39,1800, 1/14/2022
BR,VS1,J,0.30,0.39,1700, 1/14/2022
BR,VS2,J,0.30,0.39,1600, 1/14/2022
BR,SI1,J,0.30,0.39,1500, 1/14/2022
BR,SI2,J,0.30,0.39,1300, 1/14/2022
BR,SI3,J,0.30,0.39,1000, 1/14/2022
BR,I1,J,0.30,0.39,800, 1/14/2022
BR,I2,J,0.30,0.39,700, 1/14/2022
BR,I3,J,0.30,0.39,400, 1/14/2022
BR,IF,K,0.30,0.39,1800, 1/14/2022
BR,VVS1,K,0.30,0.39,1700, 1/14/2022
BR,VVS2,K,0.30,0.39,1600, 1/14/2022
BR,VS1,K,0.30,0.39,1500, 1/14/2022
BR,VS2,K,0.30,0.39,1400, 1/14/2022
BR,SI1,K,0.30,0.39,1300, 1/14/2022
BR,SI2,K,0.30,0.39,1100, 1/14/2022
BR,SI3,K,0.30,0.39,900, 1/14/2022
BR,I1,K,0.30,0.39,700, 1/14/2022
BR,I2,K,0.30,0.39,600, 1/14/2022
BR,I3,K,0.30,0.39,400, 1/14/2022
BR,IF,L,0.30,0.39,1600, 1/14/2022
BR,VVS1,L,0.30,0.39,1500, 1/14/2022
BR,VVS2,L,0.30,0.39,1400, 1/14/2022
BR,VS1,L,0.30,0.39,1300, 1/14/2022
BR,VS2,L,0.30,0.39,1200, 1/14/2022
BR,SI1,L,0.30,0.39,1100, 1/14/2022
BR,SI2,L,0.30,0.39,900, 1/14/2022
BR,SI3,L,0.30,0.39,800, 1/14/2022
BR,I1,L,0.30,0.39,600, 1/14/2022
BR,I2,L,0.30,0.39,500, 1/14/2022
BR,I3,L,0.30,0.39,300, 1/14/2022
BR,IF,M,0.30,0.39,1500, 1/14/2022
BR,VVS1,M,0.30,0.39,1400, 1/14/2022
BR,VVS2,M,0.30,0.39,1300, 1/14/2022
BR,VS1,M,0.30,0.39,1200, 1/14/2022
BR,VS2,M,0.30,0.39,1100, 1/14/2022
BR,SI1,M,0.30,0.39,1000, 1/14/2022
BR,SI2,M,0.30,0.39,800, 1/14/2022
BR,SI3,M,0.30,0.39,700, 1/14/2022
BR,I1,M,0.30,0.39,500, 1/14/2022
BR,I2,M,0.30,0.39,400, 1/14/2022
BR,I3,M,0.30,0.39,300, 1/14/2022
BR,IF,D,0.40,0.49,4400, 1/14/2022
BR,VVS1,D,0.40,0.49,3500, 1/14/2022
BR,VVS2,D,0.40,0.49,3200, 1/14/2022
BR,VS1,D,0.40,0.49,3000, 1/14/2022
BR,VS2,D,0.40,0.49,2800, 1/14/2022
BR,SI1,D,0.40,0.49,2500, 1/14/2022
BR,SI2,D,0.40,0.49,2200, 1/14/2022
BR,SI3,D,0.40,0.49,1900, 1/14/2022
BR,I1,D,0.40,0.49,1700, 1/14/2022
BR,I2,D,0.40,0.49,1100, 1/14/2022
BR,I3,D,0.40,0.49,800, 1/14/2022
BR,IF,E,0.40,0.49,3600, 1/14/2022
BR,VVS1,E,0.40,0.49,3300, 1/14/2022
BR,VVS2,E,0.40,0.49,3100, 1/14/2022
BR,VS1,E,0.40,0.49,2900, 1/14/2022
BR,VS2,E,0.40,0.49,2700, 1/14/2022
BR,SI1,E,0.40,0.49,2400, 1/14/2022
BR,SI2,E,0.40,0.49,2100, 1/14/2022
BR,SI3,E,0.40,0.49,1800, 1/14/2022
BR,I1,E,0.40,0.49,1600, 1/14/2022
BR,I2,E,0.40,0.49,1000, 1/14/2022
BR,I3,E,0.40,0.49,700, 1/14/2022
BR,IF,F,0.40,0.49,3300, 1/14/2022
BR,VVS1,F,0.40,0.49,3100, 1/14/2022
BR,VVS2,F,0.40,0.49,2900, 1/14/2022
BR,VS1,F,0.40,0.49,2800, 1/14/2022
BR,VS2,F,0.40,0.49,2600, 1/14/2022
BR,SI1,F,0.40,0.49,2300, 1/14/2022
BR,SI2,F,0.40,0.49,2000, 1/14/2022
BR,SI3,F,0.40,0.49,1700, 1/14/2022
BR,I1,F,0.40,0.49,1500, 1/14/2022
BR,I2,F,0.40,0.49,1000, 1/14/2022
BR,I3,F,0.40,0.49,700, 1/14/2022
BR,IF,G,0.40,0.49,3000, 1/14/2022
BR,VVS1,G,0.40,0.49,2900, 1/14/2022
BR,VVS2,G,0.40,0.49,2700, 1/14/2022
BR,VS1,G,0.40,0.49,2600, 1/14/2022
BR,VS2,G,0.40,0.49,2500, 1/14/2022
BR,SI1,G,0.40,0.49,2200, 1/14/2022
BR,SI2,G,0.40,0.49,1900, 1/14/2022
BR,SI3,G,0.40,0.49,1600, 1/14/2022
BR,I1,G,0.40,0.49,1400, 1/14/2022
BR,I2,G,0.40,0.49,900, 1/14/2022
BR,I3,G,0.40,0.49,600, 1/14/2022
BR,IF,H,0.40,0.49,2800, 1/14/2022
BR,VVS1,H,0.40,0.49,2700, 1/14/2022
BR,VVS2,H,0.40,0.49,2600, 1/14/2022
BR,VS1,H,0.40,0.49,2500, 1/14/2022
BR,VS2,H,0.40,0.49,2400, 1/14/2022
BR,SI1,H,0.40,0.49,2100, 1/14/2022
BR,SI2,H,0.40,0.49,1800, 1/14/2022
BR,SI3,H,0.40,0.49,1500, 1/14/2022
BR,I1,H,0.40,0.49,1300, 1/14/2022
BR,I2,H,0.40,0.49,900, 1/14/2022
BR,I3,H,0.40,0.49,600, 1/14/2022
BR,IF,I,0.40,0.49,2500, 1/14/2022
BR,VVS1,I,0.40,0.49,2400, 1/14/2022
BR,VVS2,I,0.40,0.49,2300, 1/14/2022
BR,VS1,I,0.40,0.49,2200, 1/14/2022
BR,VS2,I,0.40,0.49,2100, 1/14/2022
BR,SI1,I,0.40,0.49,1900, 1/14/2022
BR,SI2,I,0.40,0.49,1600, 1/14/2022
BR,SI3,I,0.40,0.49,1400, 1/14/2022
BR,I1,I,0.40,0.49,1200, 1/14/2022
BR,I2,I,0.40,0.49,800, 1/14/2022
BR,I3,I,0.40,0.49,600, 1/14/2022
BR,IF,J,0.40,0.49,2200, 1/14/2022
BR,VVS1,J,0.40,0.49,2100, 1/14/2022
BR,VVS2,J,0.40,0.49,2000, 1/14/2022
BR,VS1,J,0.40,0.49,1900, 1/14/2022
BR,VS2,J,0.40,0.49,1800, 1/14/2022
BR,SI1,J,0.40,0.49,1700, 1/14/2022
BR,SI2,J,0.40,0.49,1500, 1/14/2022
BR,SI3,J,0.40,0.49,1300, 1/14/2022
BR,I1,J,0.40,0.49,1100, 1/14/2022
BR,I2,J,0.40,0.49,800, 1/14/2022
BR,I3,J,0.40,0.49,500, 1/14/2022
BR,IF,K,0.40,0.49,1900, 1/14/2022
BR,VVS1,K,0.40,0.49,1800, 1/14/2022
BR,VVS2,K,0.40,0.49,1700, 1/14/2022
BR,VS1,K,0.40,0.49,1600, 1/14/2022
BR,VS2,K,0.40,0.49,1500, 1/14/2022
BR,SI1,K,0.40,0.49,1400, 1/14/2022
BR,SI2,K,0.40,0.49,1300, 1/14/2022
BR,SI3,K,0.40,0.49,1100, 1/14/2022
BR,I1,K,0.40,0.49,900, 1/14/2022
BR,I2,K,0.40,0.49,700, 1/14/2022
BR,I3,K,0.40,0.49,500, 1/14/2022
BR,IF,L,0.40,0.49,1700, 1/14/2022
BR,VVS1,L,0.40,0.49,1600, 1/14/2022
BR,VVS2,L,0.40,0.49,1500, 1/14/2022
BR,VS1,L,0.40,0.49,1400, 1/14/2022
BR,VS2,L,0.40,0.49,1300, 1/14/2022
BR,SI1,L,0.40,0.49,1200, 1/14/2022
BR,SI2,L,0.40,0.49,1100, 1/14/2022
BR,SI3,L,0.40,0.49,900, 1/14/2022
BR,I1,L,0.40,0.49,800, 1/14/2022
BR,I2,L,0.40,0.49,600, 1/14/2022
BR,I3,L,0.40,0.49,400, 1/14/2022
BR,IF,M,0.40,0.49,1600, 1/14/2022
BR,VVS1,M,0.40,0.49,1500, 1/14/2022
BR,VVS2,M,0.40,0.49,1400, 1/14/2022
BR,VS1,M,0.40,0.49,1300, 1/14/2022
BR,VS2,M,0.40,0.49,1200, 1/14/2022
BR,SI1,M,0.40,0.49,1100, 1/14/2022
BR,SI2,M,0.40,0.49,1000, 1/14/2022
BR,SI3,M,0.40,0.49,800, 1/14/2022
BR,I1,M,0.40,0.49,700, 1/14/2022
BR,I2,M,0.40,0.49,500, 1/14/2022
BR,I3,M,0.40,0.49,400, 1/14/2022
BR,IF,D,0.50,0.69,7000, 1/14/2022
BR,VVS1,D,0.50,0.69,5600, 1/14/2022
BR,VVS2,D,0.50,0.69,5000, 1/14/2022
BR,VS1,D,0.50,0.69,4600, 1/14/2022
BR,VS2,D,0.50,0.69,4200, 1/14/2022
BR,SI1,D,0.50,0.69,3600, 1/14/2022
BR,SI2,D,0.50,0.69,2900, 1/14/2022
BR,SI3,D,0.50,0.69,2500, 1/14/2022
BR,I1,D,0.50,0.69,2200, 1/14/2022
BR,I2,D,0.50,0.69,1500, 1/14/2022
BR,I3,D,0.50,0.69,1100, 1/14/2022
BR,IF,E,0.50,0.69,5400, 1/14/2022
BR,VVS1,E,0.50,0.69,5000, 1/14/2022
BR,VVS2,E,0.50,0.69,4600, 1/14/2022
BR,VS1,E,0.50,0.69,4400, 1/14/2022
BR,VS2,E,0.50,0.69,4000, 1/14/2022
BR,SI1,E,0.50,0.69,3400, 1/14/2022
BR,SI2,E,0.50,0.69,2800, 1/14/2022
BR,SI3,E,0.50,0.69,2400, 1/14/2022
BR,I1,E,0.50,0.69,2100, 1/14/2022
BR,I2,E,0.50,0.69,1400, 1/14/2022
BR,I3,E,0.50,0.69,1000, 1/14/2022
BR,IF,F,0.50,0.69,4800, 1/14/2022
BR,VVS1,F,0.50,0.69,4600, 1/14/2022
BR,VVS2,F,0.50,0.69,4400, 1/14/2022
BR,VS1,F,0.50,0.69,4200, 1/14/2022
BR,VS2,F,0.50,0.69,3900, 1/14/2022
BR,SI1,F,0.50,0.69,3300, 1/14/2022
BR,SI2,F,0.50,0.69,2700, 1/14/2022
BR,SI3,F,0.50,0.69,2300, 1/14/2022
BR,I1,F,0.50,0.69,2000, 1/14/2022
BR,I2,F,0.50,0.69,1300, 1/14/2022
BR,I3,F,0.50,0.69,1000, 1/14/2022
BR,IF,G,0.50,0.69,4400, 1/14/2022
BR,VVS1,G,0.50,0.69,4200, 1/14/2022
BR,VVS2,G,0.50,0.69,4100, 1/14/2022
BR,VS1,G,0.50,0.69,4000, 1/14/2022
BR,VS2,G,0.50,0.69,3800, 1/14/2022
BR,SI1,G,0.50,0.69,3200, 1/14/2022
BR,SI2,G,0.50,0.69,2600, 1/14/2022
BR,SI3,G,0.50,0.69,2200, 1/14/2022
BR,I1,G,0.50,0.69,1900, 1/14/2022
BR,I2,G,0.50,0.69,1200, 1/14/2022
BR,I3,G,0.50,0.69,900, 1/14/2022
BR,IF,H,0.50,0.69,4100, 1/14/2022
BR,VVS1,H,0.50,0.69,4000, 1/14/2022
BR,VVS2,H,0.50,0.69,3900, 1/14/2022
BR,VS1,H,0.50,0.69,3800, 1/14/2022
BR,VS2,H,0.50,0.69,3700, 1/14/2022
BR,SI1,H,0.50,0.69,3100, 1/14/2022
BR,SI2,H,0.50,0.69,2500, 1/14/2022
BR,SI3,H,0.50,0.69,2100, 1/14/2022
BR,I1,H,0.50,0.69,1800, 1/14/2022
BR,I2,H,0.50,0.69,1100, 1/14/2022
BR,I3,H,0.50,0.69,800, 1/14/2022
BR,IF,I,0.50,0.69,3500, 1/14/2022
BR,VVS1,I,0.50,0.69,3400, 1/14/2022
BR,VVS2,I,0.50,0.69,3300, 1/14/2022
BR,VS1,I,0.50,0.69,3200, 1/14/2022
BR,VS2,I,0.50,0.69,3000, 1/14/2022
BR,SI1,I,0.50,0.69,2600, 1/14/2022
BR,SI2,I,0.50,0.69,2300, 1/14/2022
BR,SI3,I,0.50,0.69,2000, 1/14/2022
BR,I1,I,0.50,0.69,1500, 1/14/2022
BR,I2,I,0.50,0.69,1000, 1/14/2022
BR,I3,I,0.50,0.69,800, 1/14/2022
BR,IF,J,0.50,0.69,2900, 1/14/2022
BR,VVS1,J,0.50,0.69,2800, 1/14/2022
BR,VVS2,J,0.50,0.69,2700, 1/14/2022
BR,VS1,J,0.50,0.69,2600, 1/14/2022
BR,VS2,J,0.50,0.69,2400, 1/14/2022
BR,SI1,J,0.50,0.69,2200, 1/14/2022
BR,SI2,J,0.50,0.69,2100, 1/14/2022
BR,SI3,J,0.50,0.69,1900, 1/14/2022
BR,I1,J,0.50,0.69,1400, 1/14/2022
BR,I2,J,0.50,0.69,1000, 1/14/2022
BR,I3,J,0.50,0.69,700, 1/14/2022
BR,IF,K,0.50,0.69,2500, 1/14/2022
BR,VVS1,K,0.50,0.69,2400, 1/14/2022
BR,VVS2,K,0.50,0.69,2300, 1/14/2022
BR,VS1,K,0.50,0.69,2200, 1/14/2022
BR,VS2,K,0.50,0.69,2100, 1/14/2022
BR,SI1,K,0.50,0.69,1900, 1/14/2022
BR,SI2,K,0.50,0.69,1800, 1/14/2022
BR,SI3,K,0.50,0.69,1600, 1/14/2022
BR,I1,K,0.50,0.69,1200, 1/14/2022
BR,I2,K,0.50,0.69,900, 1/14/2022
BR,I3,K,0.50,0.69,700, 1/14/2022
BR,IF,L,0.50,0.69,2100, 1/14/2022
BR,VVS1,L,0.50,0.69,2000, 1/14/2022
BR,VVS2,L,0.50,0.69,1900, 1/14/2022
BR,VS1,L,0.50,0.69,1800, 1/14/2022
BR,VS2,L,0.50,0.69,1700, 1/14/2022
BR,SI1,L,0.50,0.69,1600, 1/14/2022
BR,SI2,L,0.50,0.69,1500, 1/14/2022
BR,SI3,L,0.50,0.69,1300, 1/14/2022
BR,I1,L,0.50,0.69,1000, 1/14/2022
BR,I2,L,0.50,0.69,800, 1/14/2022
BR,I3,L,0.50,0.69,600, 1/14/2022
BR,IF,M,0.50,0.69,1900, 1/14/2022
BR,VVS1,M,0.50,0.69,1800, 1/14/2022
BR,VVS2,M,0.50,0.69,1700, 1/14/2022
BR,VS1,M,0.50,0.69,1600, 1/14/2022
BR,VS2,M,0.50,0.69,1500, 1/14/2022
BR,SI1,M,0.50,0.69,1400, 1/14/2022
BR,SI2,M,0.50,0.69,1300, 1/14/2022
BR,SI3,M,0.50,0.69,1000, 1/14/2022
BR,I1,M,0.50,0.69,900, 1/14/2022
BR,I2,M,0.50,0.69,700, 1/14/2022
BR,I3,M,0.50,0.69,500, 1/14/2022
BR,IF,D,0.70,0.89,9200, 1/14/2022
BR,VVS1,D,0.70,0.89,6900, 1/14/2022
BR,VVS2,D,0.70,0.89,6300, 1/14/2022
BR,VS1,D,0.70,0.89,5900, 1/14/2022
BR,VS2,D,0.70,0.89,5500, 1/14/2022
BR,SI1,D,0.70,0.89,4600, 1/14/2022
BR,SI2,D,0.70,0.89,3900, 1/14/2022
BR,SI3,D,0.70,0.89,3200, 1/14/2022
BR,I1,D,0.70,0.89,2800, 1/14/2022
BR,I2,D,0.70,0.89,1900, 1/14/2022
BR,I3,D,0.70,0.89,1200, 1/14/2022
BR,IF,E,0.70,0.89,6900, 1/14/2022
BR,VVS1,E,0.70,0.89,6400, 1/14/2022
BR,VVS2,E,0.70,0.89,5900, 1/14/2022
BR,VS1,E,0.70,0.89,5600, 1/14/2022
BR,VS2,E,0.70,0.89,5300, 1/14/2022
BR,SI1,E,0.70,0.89,4400, 1/14/2022
BR,SI2,E,0.70,0.89,3700, 1/14/2022
BR,SI3,E,0.70,0.89,3000, 1/14/2022
BR,I1,E,0.70,0.89,2700, 1/14/2022
BR,I2,E,0.70,0.89,1800, 1/14/2022
BR,I3,E,0.70,0.89,1100, 1/14/2022
BR,IF,F,0.70,0.89,6300, 1/14/2022
BR,VVS1,F,0.70,0.89,6000, 1/14/2022
BR,VVS2,F,0.70,0.89,5600, 1/14/2022
BR,VS1,F,0.70,0.89,5300, 1/14/2022
BR,VS2,F,0.70,0.89,5000, 1/14/2022
BR,SI1,F,0.70,0.89,4200, 1/14/2022
BR,SI2,F,0.70,0.89,3500, 1/14/2022
BR,SI3,F,0.70,0.89,2800, 1/14/2022
BR,I1,F,0.70,0.89,2500, 1/14/2022
BR,I2,F,0.70,0.89,1700, 1/14/2022
BR,I3,F,0.70,0.89,1100, 1/14/2022
BR,IF,G,0.70,0.89,5700, 1/14/2022
BR,VVS1,G,0.70,0.89,5400, 1/14/2022
BR,VVS2,G,0.70,0.89,5200, 1/14/2022
BR,VS1,G,0.70,0.89,5000, 1/14/2022
BR,VS2,G,0.70,0.89,4800, 1/14/2022
BR,SI1,G,0.70,0.89,4000, 1/14/2022
BR,SI2,G,0.70,0.89,3300, 1/14/2022
BR,SI3,G,0.70,0.89,2700, 1/14/2022
BR,I1,G,0.70,0.89,2400, 1/14/2022
BR,I2,G,0.70,0.89,1600, 1/14/2022
BR,I3,G,0.70,0.89,1000, 1/14/2022
BR,IF,H,0.70,0.89,5300, 1/14/2022
BR,VVS1,H,0.70,0.89,5000, 1/14/2022
BR,VVS2,H,0.70,0.89,4800, 1/14/2022
BR,VS1,H,0.70,0.89,4700, 1/14/2022
BR,VS2,H,0.70,0.89,4500, 1/14/2022
BR,SI1,H,0.70,0.89,3700, 1/14/2022
BR,SI2,H,0.70,0.89,3100, 1/14/2022
BR,SI3,H,0.70,0.89,2500, 1/14/2022
BR,I1,H,0.70,0.89,2200, 1/14/2022
BR,I2,H,0.70,0.89,1500, 1/14/2022
BR,I3,H,0.70,0.89,900, 1/14/2022
BR,IF,I,0.70,0.89,4400, 1/14/2022
BR,VVS1,I,0.70,0.89,4200, 1/14/2022
BR,VVS2,I,0.70,0.89,4000, 1/14/2022
BR,VS1,I,0.70,0.89,3900, 1/14/2022
BR,VS2,I,0.70,0.89,3700, 1/14/2022
BR,SI1,I,0.70,0.89,3300, 1/14/2022
BR,SI2,I,0.70,0.89,2900, 1/14/2022
BR,SI3,I,0.70,0.89,2300, 1/14/2022
BR,I1,I,0.70,0.89,2000, 1/14/2022
BR,I2,I,0.70,0.89,1400, 1/14/2022
BR,I3,I,0.70,0.89,900, 1/14/2022
BR,IF,J,0.70,0.89,3700, 1/14/2022
BR,VVS1,J,0.70,0.89,3500, 1/14/2022
BR,VVS2,J,0.70,0.89,3300, 1/14/2022
BR,VS1,J,0.70,0.89,3100, 1/14/2022
BR,VS2,J,0.70,0.89,2900, 1/14/2022
BR,SI1,J,0.70,0.89,2700, 1/14/2022
BR,SI2,J,0.70,0.89,2500, 1/14/2022
BR,SI3,J,0.70,0.89,2100, 1/14/2022
BR,I1,J,0.70,0.89,1900, 1/14/2022
BR,I2,J,0.70,0.89,1300, 1/14/2022
BR,I3,J,0.70,0.89,800, 1/14/2022
BR,IF,K,0.70,0.89,3100, 1/14/2022
BR,VVS1,K,0.70,0.89,2900, 1/14/2022
BR,VVS2,K,0.70,0.89,2700, 1/14/2022
BR,VS1,K,0.70,0.89,2600, 1/14/2022
BR,VS2,K,0.70,0.89,2500, 1/14/2022
BR,SI1,K,0.70,0.89,2300, 1/14/2022
BR,SI2,K,0.70,0.89,2100, 1/14/2022
BR,SI3,K,0.70,0.89,1800, 1/14/2022
BR,I1,K,0.70,0.89,1600, 1/14/2022
BR,I2,K,0.70,0.89,1200, 1/14/2022
BR,I3,K,0.70,0.89,800, 1/14/2022
BR,IF,L,0.70,0.89,2800, 1/14/2022
BR,VVS1,L,0.70,0.89,2600, 1/14/2022
BR,VVS2,L,0.70,0.89,2400, 1/14/2022
BR,VS1,L,0.70,0.89,2300, 1/14/2022
BR,VS2,L,0.70,0.89,2200, 1/14/2022
BR,SI1,L,0.70,0.89,2100, 1/14/2022
BR,SI2,L,0.70,0.89,1900, 1/14/2022
BR,SI3,L,0.70,0.89,1500, 1/14/2022
BR,I1,L,0.70,0.89,1300, 1/14/2022
BR,I2,L,0.70,0.89,1000, 1/14/2022
BR,I3,L,0.70,0.89,700, 1/14/2022
BR,IF,M,0.70,0.89,2500, 1/14/2022
BR,VVS1,M,0.70,0.89,2300, 1/14/2022
BR,VVS2,M,0.70,0.89,2200, 1/14/2022
BR,VS1,M,0.70,0.89,2100, 1/14/2022
BR,VS2,M,0.70,0.89,2000, 1/14/2022
BR,SI1,M,0.70,0.89,1900, 1/14/2022
BR,SI2,M,0.70,0.89,1700, 1/14/2022
BR,SI3,M,0.70,0.89,1300, 1/14/2022
BR,I1,M,0.70,0.89,1100, 1/14/2022
BR,I2,M,0.70,0.89,800, 1/14/2022
BR,I3,M,0.70,0.89,600, 1/14/2022
BR,IF,D,0.90,0.99,12900, 1/14/2022
BR,VVS1,D,0.90,0.99,11600, 1/14/2022
BR,VVS2,D,0.90,0.99,10200, 1/14/2022
BR,VS1,D,0.90,0.99,8600, 1/14/2022
BR,VS2,D,0.90,0.99,7700, 1/14/2022
BR,SI1,D,0.90,0.99,6200, 1/14/2022
BR,SI2,D,0.90,0.99,5300, 1/14/2022
BR,SI3,D,0.90,0.99,4600, 1/14/2022
BR,I1,D,0.90,0.99,3700, 1/14/2022
BR,I2,D,0.90,0.99,2200, 1/14/2022
BR,I3,D,0.90,0.99,1500, 1/14/2022
BR,IF,E,0.90,0.99,11600, 1/14/2022
BR,VVS1,E,0.90,0.99,10700, 1/14/2022
BR,VVS2,E,0.90,0.99,9500, 1/14/2022
BR,VS1,E,0.90,0.99,8100, 1/14/2022
BR,VS2,E,0.90,0.99,7200, 1/14/2022
BR,SI1,E,0.90,0.99,5800, 1/14/2022
BR,SI2,E,0.90,0.99,5000, 1/14/2022
BR,SI3,E,0.90,0.99,4300, 1/14/2022
BR,I1,E,0.90,0.99,3600, 1/14/2022
BR,I2,E,0.90,0.99,2100, 1/14/2022
BR,I3,E,0.90,0.99,1400, 1/14/2022
BR,IF,F,0.90,0.99,10700, 1/14/2022
BR,VVS1,F,0.90,0.99,9900, 1/14/2022
BR,VVS2,F,0.90,0.99,8600, 1/14/2022
BR,VS1,F,0.90,0.99,7500, 1/14/2022
BR,VS2,F,0.90,0.99,6800, 1/14/2022
BR,SI1,F,0.90,0.99,5500, 1/14/2022
BR,SI2,F,0.90,0.99,4700, 1/14/2022
BR,SI3,F,0.90,0.99,4100, 1/14/2022
BR,I1,F,0.90,0.99,3500, 1/14/2022
BR,I2,F,0.90,0.99,2000, 1/14/2022
BR,I3,F,0.90,0.99,1300, 1/14/2022
BR,IF,G,0.90,0.99,9400, 1/14/2022
BR,VVS1,G,0.90,0.99,8400, 1/14/2022
BR,VVS2,G,0.90,0.99,7500, 1/14/2022
BR,VS1,G,0.90,0.99,7000, 1/14/2022
BR,VS2,G,0.90,0.99,6300, 1/14/2022
BR,SI1,G,0.90,0.99,5200, 1/14/2022
BR,SI2,G,0.90,0.99,4400, 1/14/2022
BR,SI3,G,0.90,0.99,3900, 1/14/2022
BR,I1,G,0.90,0.99,3400, 1/14/2022
BR,I2,G,0.90,0.99,1900, 1/14/2022
BR,I3,G,0.90,0.99,1200, 1/14/2022
BR,IF,H,0.90,0.99,7800, 1/14/2022
BR,VVS1,H,0.90,0.99,7100, 1/14/2022
BR,VVS2,H,0.90,0.99,6700, 1/14/2022
BR,VS1,H,0.90,0.99,6300, 1/14/2022
BR,VS2,H,0.90,0.99,5900, 1/14/2022
BR,SI1,H,0.90,0.99,4900, 1/14/2022
BR,SI2,H,0.90,0.99,4100, 1/14/2022
BR,SI3,H,0.90,0.99,3600, 1/14/2022
BR,I1,H,0.90,0.99,3200, 1/14/2022
BR,I2,H,0.90,0.99,1800, 1/14/2022
BR,I3,H,0.90,0.99,1200, 1/14/2022
BR,IF,I,0.90,0.99,6400, 1/14/2022
BR,VVS1,I,0.90,0.99,6000, 1/14/2022
BR,VVS2,I,0.90,0.99,5700, 1/14/2022
BR,VS1,I,0.90,0.99,5400, 1/14/2022
BR,VS2,I,0.90,0.99,5100, 1/14/2022
BR,SI1,I,0.90,0.99,4600, 1/14/2022
BR,SI2,I,0.90,0.99,3900, 1/14/2022
BR,SI3,I,0.90,0.99,3400, 1/14/2022
BR,I1,I,0.90,0.99,2900, 1/14/2022
BR,I2,I,0.90,0.99,1700, 1/14/2022
BR,I3,I,0.90,0.99,1100, 1/14/2022
BR,IF,J,0.90,0.99,5400, 1/14/2022
BR,VVS1,J,0.90,0.99,5100, 1/14/2022
BR,VVS2,J,0.90,0.99,4900, 1/14/2022
BR,VS1,J,0.90,0.99,4600, 1/14/2022
BR,VS2,J,0.90,0.99,4400, 1/14/2022
BR,SI1,J,0.90,0.99,3900, 1/14/2022
BR,SI2,J,0.90,0.99,3400, 1/14/2022
BR,SI3,J,0.90,0.99,2900, 1/14/2022
BR,I1,J,0.90,0.99,2500, 1/14/2022
BR,I2,J,0.90,0.99,1600, 1/14/2022
BR,I3,J,0.90,0.99,1000, 1/14/2022
BR,IF,K,0.90,0.99,4600, 1/14/2022
BR,VVS1,K,0.90,0.99,4400, 1/14/2022
BR,VVS2,K,0.90,0.99,4200, 1/14/2022
BR,VS1,K,0.90,0.99,3900, 1/14/2022
BR,VS2,K,0.90,0.99,3700, 1/14/2022
BR,SI1,K,0.90,0.99,3300, 1/14/2022
BR,SI2,K,0.90,0.99,2900, 1/14/2022
BR,SI3,K,0.90,0.99,2500, 1/14/2022
BR,I1,K,0.90,0.99,2200, 1/14/2022
BR,I2,K,0.90,0.99,1400, 1/14/2022
BR,I3,K,0.90,0.99,900, 1/14/2022
BR,IF,L,0.90,0.99,4000, 1/14/2022
BR,VVS1,L,0.90,0.99,3800, 1/14/2022
BR,VVS2,L,0.90,0.99,3600, 1/14/2022
BR,VS1,L,0.90,0.99,3500, 1/14/2022
BR,VS2,L,0.90,0.99,3300, 1/14/2022
BR,SI1,L,0.90,0.99,2900, 1/14/2022
BR,SI2,L,0.90,0.99,2500, 1/14/2022
BR,SI3,L,0.90,0.99,2200, 1/14/2022
BR,I1,L,0.90,0.99,1900, 1/14/2022
BR,I2,L,0.90,0.99,1300, 1/14/2022
BR,I3,L,0.90,0.99,800, 1/14/2022
BR,IF,M,0.90,0.99,3600, 1/14/2022
BR,VVS1,M,0.90,0.99,3400, 1/14/2022
BR,VVS2,M,0.90,0.99,3200, 1/14/2022
BR,VS1,M,0.90,0.99,3000, 1/14/2022
BR,VS2,M,0.90,0.99,2800, 1/14/2022
BR,SI1,M,0.90,0.99,2600, 1/14/2022
BR,SI2,M,0.90,0.99,2200, 1/14/2022
BR,SI3,M,0.90,0.99,2000, 1/14/2022
BR,I1,M,0.90,0.99,1600, 1/14/2022
BR,I2,M,0.90,0.99,1100, 1/14/2022
BR,I3,M,0.90,0.99,700, 1/14/2022
BR,IF,D,1.00,1.49,20000, 1/14/2022
BR,VVS1,D,1.00,1.49,16000, 1/14/2022
BR,VVS2,D,1.00,1.49,13800, 1/14/2022
BR,VS1,D,1.00,1.49,12400, 1/14/2022
BR,VS2,D,1.00,1.49,11000, 1/14/2022
BR,SI1,D,1.00,1.49,8700, 1/14/2022
BR,SI2,D,1.00,1.49,7100, 1/14/2022
BR,SI3,D,1.00,1.49,5700, 1/14/2022
BR,I1,D,1.00,1.49,4800, 1/14/2022
BR,I2,D,1.00,1.49,2500, 1/14/2022
BR,I3,D,1.00,1.49,1600, 1/14/2022
BR,IF,E,1.00,1.49,15500, 1/14/2022
BR,VVS1,E,1.00,1.49,14100, 1/14/2022
BR,VVS2,E,1.00,1.49,12800, 1/14/2022
BR,VS1,E,1.00,1.49,11600, 1/14/2022
BR,VS2,E,1.00,1.49,10300, 1/14/2022
BR,SI1,E,1.00,1.49,8300, 1/14/2022
BR,SI2,E,1.00,1.49,6800, 1/14/2022
BR,SI3,E,1.00,1.49,5500, 1/14/2022
BR,I1,E,1.00,1.49,4600, 1/14/2022
BR,I2,E,1.00,1.49,2400, 1/14/2022
BR,I3,E,1.00,1.49,1500, 1/14/2022
BR,IF,F,1.00,1.49,13800, 1/14/2022
BR,VVS1,F,1.00,1.49,13000, 1/14/2022
BR,VVS2,F,1.00,1.49,11800, 1/14/2022
BR,VS1,F,1.00,1.49,11000, 1/14/2022
BR,VS2,F,1.00,1.49,9800, 1/14/2022
BR,SI1,F,1.00,1.49,7800, 1/14/2022
BR,SI2,F,1.00,1.49,6500, 1/14/2022
BR,SI3,F,1.00,1.49,5200, 1/14/2022
BR,I1,F,1.00,1.49,4300, 1/14/2022
BR,I2,F,1.00,1.49,2300, 1/14/2022
BR,I3,F,1.00,1.49,1400, 1/14/2022
BR,IF,G,1.00,1.49,11700, 1/14/2022
BR,VVS1,G,1.00,1.49,11100, 1/14/2022
BR,VVS2,G,1.00,1.49,10600, 1/14/2022
BR,VS1,G,1.00,1.49,10100, 1/14/2022
BR,VS2,G,1.00,1.49,9300, 1/14/2022
BR,SI1,G,1.00,1.49,7400, 1/14/2022
BR,SI2,G,1.00,1.49,6100, 1/14/2022
BR,SI3,G,1.00,1.49,5000, 1/14/2022
BR,I1,G,1.00,1.49,4100, 1/14/2022
BR,I2,G,1.00,1.49,2200, 1/14/2022
BR,I3,G,1.00,1.49,1300, 1/14/2022
BR,IF,H,1.00,1.49,10000, 1/14/2022
BR,VVS1,H,1.00,1.49,9600, 1/14/2022
BR,VVS2,H,1.00,1.49,9200, 1/14/2022
BR,VS1,H,1.00,1.49,8800, 1/14/2022
BR,VS2,H,1.00,1.49,8300, 1/14/2022
BR,SI1,H,1.00,1.49,6900, 1/14/2022
BR,SI2,H,1.00,1.49,5800, 1/14/2022
BR,SI3,H,1.00,1.49,4800, 1/14/2022
BR,I1,H,1.00,1.49,3800, 1/14/2022
BR,I2,H,1.00,1.49,2100, 1/14/2022
BR,I3,H,1.00,1.49,1300, 1/14/2022
BR,IF,I,1.00,1.49,8000, 1/14/2022
BR,VVS1,I,1.00,1.49,7700, 1/14/2022
BR,VVS2,I,1.00,1.49,7400, 1/14/2022
BR,VS1,I,1.00,1.49,7000, 1/14/2022
BR,VS2,I,1.00,1.49,6700, 1/14/2022
BR,SI1,I,1.00,1.49,6200, 1/14/2022
BR,SI2,I,1.00,1.49,5300, 1/14/2022
BR,SI3,I,1.00,1.49,4500, 1/14/2022
BR,I1,I,1.00,1.49,3500, 1/14/2022
BR,I2,I,1.00,1.49,2000, 1/14/2022
BR,I3,I,1.00,1.49,1200, 1/14/2022
BR,IF,J,1.00,1.49,6600, 1/14/2022
BR,VVS1,J,1.00,1.49,6300, 1/14/2022
BR,VVS2,J,1.00,1.49,6000, 1/14/2022
BR,VS1,J,1.00,1.49,5700, 1/14/2022
BR,VS2,J,1.00,1.49,5400, 1/14/2022
BR,SI1,J,1.00,1.49,5000, 1/14/2022
BR,SI2,J,1.00,1.49,4600, 1/14/2022
BR,SI3,J,1.00,1.49,4000, 1/14/2022
BR,I1,J,1.00,1.49,3200, 1/14/2022
BR,I2,J,1.00,1.49,1900, 1/14/2022
BR,I3,J,1.00,1.49,1200, 1/14/2022
BR,IF,K,1.00,1.49,5500, 1/14/2022
BR,VVS1,K,1.00,1.49,5200, 1/14/2022
BR,VVS2,K,1.00,1.49,4900, 1/14/2022
BR,VS1,K,1.00,1.49,4600, 1/14/2022
BR,VS2,K,1.00,1.49,4300, 1/14/2022
BR,SI1,K,1.00,1.49,4000, 1/14/2022
BR,SI2,K,1.00,1.49,3700, 1/14/2022
BR,SI3,K,1.00,1.49,3400, 1/14/2022
BR,I1,K,1.00,1.49,3000, 1/14/2022
BR,I2,K,1.00,1.49,1700, 1/14/2022
BR,I3,K,1.00,1.49,1100, 1/14/2022
BR,IF,L,1.00,1.49,4800, 1/14/2022
BR,VVS1,L,1.00,1.49,4500, 1/14/2022
BR,VVS2,L,1.00,1.49,4300, 1/14/2022
BR,VS1,L,1.00,1.49,4100, 1/14/2022
BR,VS2,L,1.00,1.49,3900, 1/14/2022
BR,SI1,L,1.00,1.49,3600, 1/14/2022
BR,SI2,L,1.00,1.49,3300, 1/14/2022
BR,SI3,L,1.00,1.49,3100, 1/14/2022
BR,I1,L,1.00,1.49,2800, 1/14/2022
BR,I2,L,1.00,1.49,1600, 1/14/2022
BR,I3,L,1.00,1.49,1000, 1/14/2022
BR,IF,M,1.00,1.49,4200, 1/14/2022
BR,VVS1,M,1.00,1.49,4000, 1/14/2022
BR,VVS2,M,1.00,1.49,3800, 1/14/2022
BR,VS1,M,1.00,1.49,3600, 1/14/2022
BR,VS2,M,1.00,1.49,3500, 1/14/2022
BR,SI1,M,1.00,1.49,3300, 1/14/2022
BR,SI2,M,1.00,1.49,2900, 1/14/2022
BR,SI3,M,1.00,1.49,2700, 1/14/2022
BR,I1,M,1.00,1.49,2500, 1/14/2022
BR,I2,M,1.00,1.49,1500, 1/14/2022
BR,I3,M,1.00,1.49,1000, 1/14/2022
BR,IF,D,1.50,1.99,25300, 1/14/2022
BR,VVS1,D,1.50,1.99,21900, 1/14/2022
BR,VVS2,D,1.50,1.99,18900, 1/14/2022
BR,VS1,D,1.50,1.99,17100, 1/14/2022
BR,VS2,D,1.50,1.99,14800, 1/14/2022
BR,SI1,D,1.50,1.99,11900, 1/14/2022
BR,SI2,D,1.50,1.99,9800, 1/14/2022
BR,SI3,D,1.50,1.99,8100, 1/14/2022
BR,I1,D,1.50,1.99,6700, 1/14/2022
BR,I2,D,1.50,1.99,3300, 1/14/2022
BR,I3,D,1.50,1.99,1800, 1/14/2022
BR,IF,E,1.50,1.99,22400, 1/14/2022
BR,VVS1,E,1.50,1.99,20400, 1/14/2022
BR,VVS2,E,1.50,1.99,17600, 1/14/2022
BR,VS1,E,1.50,1.99,16000, 1/14/2022
BR,VS2,E,1.50,1.99,13900, 1/14/2022
BR,SI1,E,1.50,1.99,11300, 1/14/2022
BR,SI2,E,1.50,1.99,9200, 1/14/2022
BR,SI3,E,1.50,1.99,7700, 1/14/2022
BR,I1,E,1.50,1.99,6300, 1/14/2022
BR,I2,E,1.50,1.99,3100, 1/14/2022
BR,I3,E,1.50,1.99,1700, 1/14/2022
BR,IF,F,1.50,1.99,19600, 1/14/2022
BR,VVS1,F,1.50,1.99,18100, 1/14/2022
BR,VVS2,F,1.50,1.99,15800, 1/14/2022
BR,VS1,F,1.50,1.99,14600, 1/14/2022
BR,VS2,F,1.50,1.99,13000, 1/14/2022
BR,SI1,F,1.50,1.99,10800, 1/14/2022
BR,SI2,F,1.50,1.99,8600, 1/14/2022
BR,SI3,F,1.50,1.99,7300, 1/14/2022
BR,I1,F,1.50,1.99,6000, 1/14/2022
BR,I2,F,1.50,1.99,3000, 1/14/2022
BR,I3,F,1.50,1.99,1600, 1/14/2022
BR,IF,G,1.50,1.99,16200, 1/14/2022
BR,VVS1,G,1.50,1.99,15200, 1/14/2022
BR,VVS2,G,1.50,1.99,13900, 1/14/2022
BR,VS1,G,1.50,1.99,13000, 1/14/2022
BR,VS2,G,1.50,1.99,11700, 1/14/2022
BR,SI1,G,1.50,1.99,10200, 1/14/2022
BR,SI2,G,1.50,1.99,8100, 1/14/2022
BR,SI3,G,1.50,1.99,7000, 1/14/2022
BR,I1,G,1.50,1.99,5700, 1/14/2022
BR,I2,G,1.50,1.99,2900, 1/14/2022
BR,I3,G,1.50,1.99,1500, 1/14/2022
BR,IF,H,1.50,1.99,13300, 1/14/2022
BR,VVS1,H,1.50,1.99,12400, 1/14/2022
BR,VVS2,H,1.50,1.99,11800, 1/14/2022
BR,VS1,H,1.50,1.99,11200, 1/14/2022
BR,VS2,H,1.50,1.99,10600, 1/14/2022
BR,SI1,H,1.50,1.99,9500, 1/14/2022
BR,SI2,H,1.50,1.99,7700, 1/14/2022
BR,SI3,H,1.50,1.99,6600, 1/14/2022
BR,I1,H,1.50,1.99,5300, 1/14/2022
BR,I2,H,1.50,1.99,2800, 1/14/2022
BR,I3,H,1.50,1.99,1500, 1/14/2022
BR,IF,I,1.50,1.99,11000, 1/14/2022
BR,VVS1,I,1.50,1.99,10500, 1/14/2022
BR,VVS2,I,1.50,1.99,10000, 1/14/2022
BR,VS1,I,1.50,1.99,9600, 1/14/2022
BR,VS2,I,1.50,1.99,9000, 1/14/2022
BR,SI1,I,1.50,1.99,8300, 1/14/2022
BR,SI2,I,1.50,1.99,7100, 1/14/2022
BR,SI3,I,1.50,1.99,6100, 1/14/2022
BR,I1,I,1.50,1.99,4900, 1/14/2022
BR,I2,I,1.50,1.99,2600, 1/14/2022
BR,I3,I,1.50,1.99,1400, 1/14/2022
BR,IF,J,1.50,1.99,9100, 1/14/2022
BR,VVS1,J,1.50,1.99,8600, 1/14/2022
BR,VVS2,J,1.50,1.99,8200, 1/14/2022
BR,VS1,J,1.50,1.99,7800, 1/14/2022
BR,VS2,J,1.50,1.99,7300, 1/14/2022
BR,SI1,J,1.50,1.99,6800, 1/14/2022
BR,SI2,J,1.50,1.99,6300, 1/14/2022
BR,SI3,J,1.50,1.99,5300, 1/14/2022
BR,I1,J,1.50,1.99,4400, 1/14/2022
BR,I2,J,1.50,1.99,2400, 1/14/2022
BR,I3,J,1.50,1.99,1400, 1/14/2022
BR,IF,K,1.50,1.99,7700, 1/14/2022
BR,VVS1,K,1.50,1.99,7100, 1/14/2022
BR,VVS2,K,1.50,1.99,6700, 1/14/2022
BR,VS1,K,1.50,1.99,6300, 1/14/2022
BR,VS2,K,1.50,1.99,6000, 1/14/2022
BR,SI1,K,1.50,1.99,5700, 1/14/2022
BR,SI2,K,1.50,1.99,5300, 1/14/2022
BR,SI3,K,1.50,1.99,4700, 1/14/2022
BR,I1,K,1.50,1.99,4100, 1/14/2022
BR,I2,K,1.50,1.99,2200, 1/14/2022
BR,I3,K,1.50,1.99,1300, 1/14/2022
BR,IF,L,1.50,1.99,6600, 1/14/2022
BR,VVS1,L,1.50,1.99,6200, 1/14/2022
BR,VVS2,L,1.50,1.99,5700, 1/14/2022
BR,VS1,L,1.50,1.99,5300, 1/14/2022
BR,VS2,L,1.50,1.99,5000, 1/14/2022
BR,SI1,L,1.50,1.99,4700, 1/14/2022
BR,SI2,L,1.50,1.99,4300, 1/14/2022
BR,SI3,L,1.50,1.99,3900, 1/14/2022
BR,I1,L,1.50,1.99,3500, 1/14/2022
BR,I2,L,1.50,1.99,2100, 1/14/2022
BR,I3,L,1.50,1.99,1200, 1/14/2022
BR,IF,M,1.50,1.99,5800, 1/14/2022
BR,VVS1,M,1.50,1.99,5300, 1/14/2022
BR,VVS2,M,1.50,1.99,4800, 1/14/2022
BR,VS1,M,1.50,1.99,4500, 1/14/2022
BR,VS2,M,1.50,1.99,4200, 1/14/2022
BR,SI1,M,1.50,1.99,4000, 1/14/2022
BR,SI2,M,1.50,1.99,3700, 1/14/2022
BR,SI3,M,1.50,1.99,3400, 1/14/2022
BR,I1,M,1.50,1.99,3000, 1/14/2022
BR,I2,M,1.50,1.99,2000, 1/14/2022
BR,I3,M,1.50,1.99,1200, 1/14/2022
BR,IF,D,2.00,2.99,41000, 1/14/2022
BR,VVS1,D,2.00,2.99,32500, 1/14/2022
BR,VVS2,D,2.00,2.99,27500, 1/14/2022
BR,VS1,D,2.00,2.99,23500, 1/14/2022
BR,VS2,D,2.00,2.99,21000, 1/14/2022
BR,SI1,D,2.00,2.99,16500, 1/14/2022
BR,SI2,D,2.00,2.99,13600, 1/14/2022
BR,SI3,D,2.00,2.99,10100, 1/14/2022
BR,I1,D,2.00,2.99,8300, 1/14/2022
BR,I2,D,2.00,2.99,3600, 1/14/2022
BR,I3,D,2.00,2.99,1900, 1/14/2022
BR,IF,E,2.00,2.99,33000, 1/14/2022
BR,VVS1,E,2.00,2.99,29500, 1/14/2022
BR,VVS2,E,2.00,2.99,25000, 1/14/2022
BR,VS1,E,2.00,2.99,22000, 1/14/2022
BR,VS2,E,2.00,2.99,19500, 1/14/2022
BR,SI1,E,2.00,2.99,15500, 1/14/2022
BR,SI2,E,2.00,2.99,12600, 1/14/2022
BR,SI3,E,2.00,2.99,9500, 1/14/2022
BR,I1,E,2.00,2.99,7900, 1/14/2022
BR,I2,E,2.00,2.99,3500, 1/14/2022
BR,I3,E,2.00,2.99,1800, 1/14/2022
BR,IF,F,2.00,2.99,29000, 1/14/2022
BR,VVS1,F,2.00,2.99,26500, 1/14/2022
BR,VVS2,F,2.00,2.99,23500, 1/14/2022
BR,VS1,F,2.00,2.99,20500, 1/14/2022
BR,VS2,F,2.00,2.99,18000, 1/14/2022
BR,SI1,F,2.00,2.99,14500, 1/14/2022
BR,SI2,F,2.00,2.99,11700, 1/14/2022
BR,SI3,F,2.00,2.99,9000, 1/14/2022
BR,I1,F,2.00,2.99,7500, 1/14/2022
BR,I2,F,2.00,2.99,3400, 1/14/2022
BR,I3,F,2.00,2.99,1700, 1/14/2022
BR,IF,G,2.00,2.99,23500, 1/14/2022
BR,VVS1,G,2.00,2.99,22000, 1/14/2022
BR,VVS2,G,2.00,2.99,20000, 1/14/2022
BR,VS1,G,2.00,2.99,18000, 1/14/2022
BR,VS2,G,2.00,2.99,16500, 1/14/2022
BR,SI1,G,2.00,2.99,13600, 1/14/2022
BR,SI2,G,2.00,2.99,11000, 1/14/2022
BR,SI3,G,2.00,2.99,8400, 1/14/2022
BR,I1,G,2.00,2.99,7200, 1/14/2022
BR,I2,G,2.00,2.99,3300, 1/14/2022
BR,I3,G,2.00,2.99,1600, 1/14/2022
BR,IF,H,2.00,2.99,19000, 1/14/2022
BR,VVS1,H,2.00,2.99,18000, 1/14/2022
BR,VVS2,H,2.00,2.99,17000, 1/14/2022
BR,VS1,H,2.00,2.99,16000, 1/14/2022
BR,VS2,H,2.00,2.99,14500, 1/14/2022
BR,SI1,H,2.00,2.99,12500, 1/14/2022
BR,SI2,H,2.00,2.99,10500, 1/14/2022
BR,SI3,H,2.00,2.99,7800, 1/14/2022
BR,I1,H,2.00,2.99,6900, 1/14/2022
BR,I2,H,2.00,2.99,3100, 1/14/2022
BR,I3,H,2.00,2.99,1500, 1/14/2022
BR,IF,I,2.00,2.99,15500, 1/14/2022
BR,VVS1,I,2.00,2.99,14700, 1/14/2022
BR,VVS2,I,2.00,2.99,13900, 1/14/2022
BR,VS1,I,2.00,2.99,13100, 1/14/2022
BR,VS2,I,2.00,2.99,12200, 1/14/2022
BR,SI1,I,2.00,2.99,11000, 1/14/2022
BR,SI2,I,2.00,2.99,9900, 1/14/2022
BR,SI3,I,2.00,2.99,7400, 1/14/2022
BR,I1,I,2.00,2.99,6400, 1/14/2022
BR,I2,I,2.00,2.99,2900, 1/14/2022
BR,I3,I,2.00,2.99,1500, 1/14/2022
BR,IF,J,2.00,2.99,13000, 1/14/2022
BR,VVS1,J,2.00,2.99,12200, 1/14/2022
BR,VVS2,J,2.00,2.99,11400, 1/14/2022
BR,VS1,J,2.00,2.99,10700, 1/14/2022
BR,VS2,J,2.00,2.99,10100, 1/14/2022
BR,SI1,J,2.00,2.99,9600, 1/14/2022
BR,SI2,J,2.00,2.99,8700, 1/14/2022
BR,SI3,J,2.00,2.99,6900, 1/14/2022
BR,I1,J,2.00,2.99,6000, 1/14/2022
BR,I2,J,2.00,2.99,2700, 1/14/2022
BR,I3,J,2.00,2.99,1400, 1/14/2022
BR,IF,K,2.00,2.99,11000, 1/14/2022
BR,VVS1,K,2.00,2.99,10100, 1/14/2022
BR,VVS2,K,2.00,2.99,9100, 1/14/2022
BR,VS1,K,2.00,2.99,8400, 1/14/2022
BR,VS2,K,2.00,2.99,7900, 1/14/2022
BR,SI1,K,2.00,2.99,7400, 1/14/2022
BR,SI2,K,2.00,2.99,6900, 1/14/2022
BR,SI3,K,2.00,2.99,6000, 1/14/2022
BR,I1,K,2.00,2.99,5100, 1/14/2022
BR,I2,K,2.00,2.99,2500, 1/14/2022
BR,I3,K,2.00,2.99,1400, 1/14/2022
BR,IF,L,2.00,2.99,8900, 1/14/2022
BR,VVS1,L,2.00,2.99,8100, 1/14/2022
BR,VVS2,L,2.00,2.99,7300, 1/14/2022
BR,VS1,L,2.00,2.99,6800, 1/14/2022
BR,VS2,L,2.00,2.99,6300, 1/14/2022
BR,SI1,L,2.00,2.99,6000, 1/14/2022
BR,SI2,L,2.00,2.99,5600, 1/14/2022
BR,SI3,L,2.00,2.99,5000, 1/14/2022
BR,I1,L,2.00,2.99,4500, 1/14/2022
BR,I2,L,2.00,2.99,2400, 1/14/2022
BR,I3,L,2.00,2.99,1300, 1/14/2022
BR,IF,M,2.00,2.99,7200, 1/14/2022
BR,VVS1,M,2.00,2.99,6700, 1/14/2022
BR,VVS2,M,2.00,2.99,6300, 1/14/2022
BR,VS1,M,2.00,2.99,6000, 1/14/2022
BR,VS2,M,2.00,2.99,5600, 1/14/2022
BR,SI1,M,2.00,2.99,5300, 1/14/2022
BR,SI2,M,2.00,2.99,4800, 1/14/2022
BR,SI3,M,2.00,2.99,4300, 1/14/2022
BR,I1,M,2.00,2.99,3800, 1/14/2022
BR,I2,M,2.00,2.99,2300, 1/14/2022
BR,I3,M,2.00,2.99,1300, 1/14/2022
BR,IF,D,3.00,3.99,65500, 1/14/2022
BR,VVS1,D,3.00,3.99,53000, 1/14/2022
BR,VVS2,D,3.00,3.99,46000, 1/14/2022
BR,VS1,D,3.00,3.99,38500, 1/14/2022
BR,VS2,D,3.00,3.99,31500, 1/14/2022
BR,SI1,D,3.00,3.99,24500, 1/14/2022
BR,SI2,D,3.00,3.99,20500, 1/14/2022
BR,SI3,D,3.00,3.99,12900, 1/14/2022
BR,I1,D,3.00,3.99,9500, 1/14/2022
BR,I2,D,3.00,3.99,4300, 1/14/2022
BR,I3,D,3.00,3.99,2100, 1/14/2022
BR,IF,E,3.00,3.99,50500, 1/14/2022
BR,VVS1,E,3.00,3.99,45000, 1/14/2022
BR,VVS2,E,3.00,3.99,40000, 1/14/2022
BR,VS1,E,3.00,3.99,33500, 1/14/2022
BR,VS2,E,3.00,3.99,28500, 1/14/2022
BR,SI1,E,3.00,3.99,22500, 1/14/2022
BR,SI2,E,3.00,3.99,19000, 1/14/2022
BR,SI3,E,3.00,3.99,12400, 1/14/2022
BR,I1,E,3.00,3.99,9000, 1/14/2022
BR,I2,E,3.00,3.99,4100, 1/14/2022
BR,I3,E,3.00,3.99,2000, 1/14/2022
BR,IF,F,3.00,3.99,43500, 1/14/2022
BR,VVS1,F,3.00,3.99,39000, 1/14/2022
BR,VVS2,F,3.00,3.99,34500, 1/14/2022
BR,VS1,F,3.00,3.99,30000, 1/14/2022
BR,VS2,F,3.00,3.99,26000, 1/14/2022
BR,SI1,F,3.00,3.99,21000, 1/14/2022
BR,SI2,F,3.00,3.99,17500, 1/14/2022
BR,SI3,F,3.00,3.99,11700, 1/14/2022
BR,I1,F,3.00,3.99,8600, 1/14/2022
BR,I2,F,3.00,3.99,4000, 1/14/2022
BR,I3,F,3.00,3.99,1900, 1/14/2022
BR,IF,G,3.00,3.99,36000, 1/14/2022
BR,VVS1,G,3.00,3.99,32500, 1/14/2022
BR,VVS2,G,3.00,3.99,29500, 1/14/2022
BR,VS1,G,3.00,3.99,26500, 1/14/2022
BR,VS2,G,3.00,3.99,23500, 1/14/2022
BR,SI1,G,3.00,3.99,19000, 1/14/2022
BR,SI2,G,3.00,3.99,15700, 1/14/2022
BR,SI3,G,3.00,3.99,10700, 1/14/2022
BR,I1,G,3.00,3.99,8200, 1/14/2022
BR,I2,G,3.00,3.99,3800, 1/14/2022
BR,I3,G,3.00,3.99,1800, 1/14/2022
BR,IF,H,3.00,3.99,27500, 1/14/2022
BR,VVS1,H,3.00,3.99,25500, 1/14/2022
BR,VVS2,H,3.00,3.99,23500, 1/14/2022
BR,VS1,H,3.00,3.99,21500, 1/14/2022
BR,VS2,H,3.00,3.99,19500, 1/14/2022
BR,SI1,H,3.00,3.99,17000, 1/14/2022
BR,SI2,H,3.00,3.99,14100, 1/14/2022
BR,SI3,H,3.00,3.99,9500, 1/14/2022
BR,I1,H,3.00,3.99,7700, 1/14/2022
BR,I2,H,3.00,3.99,3600, 1/14/2022
BR,I3,H,3.00,3.99,1700, 1/14/2022
BR,IF,I,3.00,3.99,22500, 1/14/2022
BR,VVS1,I,3.00,3.99,20500, 1/14/2022
BR,VVS2,I,3.00,3.99,19000, 1/14/2022
BR,VS1,I,3.00,3.99,17500, 1/14/2022
BR,VS2,I,3.00,3.99,16500, 1/14/2022
BR,SI1,I,3.00,3.99,15000, 1/14/2022
BR,SI2,I,3.00,3.99,12800, 1/14/2022
BR,SI3,I,3.00,3.99,8700, 1/14/2022
BR,I1,I,3.00,3.99,7000, 1/14/2022
BR,I2,I,3.00,3.99,3300, 1/14/2022
BR,I3,I,3.00,3.99,1600, 1/14/2022
BR,IF,J,3.00,3.99,18000, 1/14/2022
BR,VVS1,J,3.00,3.99,17000, 1/14/2022
BR,VVS2,J,3.00,3.99,16000, 1/14/2022
BR,VS1,J,3.00,3.99,15000, 1/14/2022
BR,VS2,J,3.00,3.99,14000, 1/14/2022
BR,SI1,J,3.00,3.99,13000, 1/14/2022
BR,SI2,J,3.00,3.99,11200, 1/14/2022
BR,SI3,J,3.00,3.99,7900, 1/14/2022
BR,I1,J,3.00,3.99,6400, 1/14/2022
BR,I2,J,3.00,3.99,3000, 1/14/2022
BR,I3,J,3.00,3.99,1500, 1/14/2022
BR,IF,K,3.00,3.99,15000, 1/14/2022
BR,VVS1,K,3.00,3.99,14000, 1/14/2022
BR,VVS2,K,3.00,3.99,13100, 1/14/2022
BR,VS1,K,3.00,3.99,12200, 1/14/2022
BR,VS2,K,3.00,3.99,11400, 1/14/2022
BR,SI1,K,3.00,3.99,10400, 1/14/2022
BR,SI2,K,3.00,3.99,9500, 1/14/2022
BR,SI3,K,3.00,3.99,6700, 1/14/2022
BR,I1,K,3.00,3.99,5500, 1/14/2022
BR,I2,K,3.00,3.99,2900, 1/14/2022
BR,I3,K,3.00,3.99,1500, 1/14/2022
BR,IF,L,3.00,3.99,11700, 1/14/2022
BR,VVS1,L,3.00,3.99,11000, 1/14/2022
BR,VVS2,L,3.00,3.99,10500, 1/14/2022
BR,VS1,L,3.00,3.99,10000, 1/14/2022
BR,VS2,L,3.00,3.99,9200, 1/14/2022
BR,SI1,L,3.00,3.99,8500, 1/14/2022
BR,SI2,L,3.00,3.99,7500, 1/14/2022
BR,SI3,L,3.00,3.99,5700, 1/14/2022
BR,I1,L,3.00,3.99,4800, 1/14/2022
BR,I2,L,3.00,3.99,2800, 1/14/2022
BR,I3,L,3.00,3.99,1400, 1/14/2022
BR,IF,M,3.00,3.99,9800, 1/14/2022
BR,VVS1,M,3.00,3.99,9200, 1/14/2022
BR,VVS2,M,3.00,3.99,8700, 1/14/2022
BR,VS1,M,3.00,3.99,8200, 1/14/2022
BR,VS2,M,3.00,3.99,7700, 1/14/2022
BR,SI1,M,3.00,3.99,7100, 1/14/2022
BR,SI2,M,3.00,3.99,6000, 1/14/2022
BR,SI3,M,3.00,3.99,5000, 1/14/2022
BR,I1,M,3.00,3.99,4200, 1/14/2022
BR,I2,M,3.00,3.99,2700, 1/14/2022
BR,I3,M,3.00,3.99,1400, 1/14/2022
BR,IF,D,4.00,4.99,81000, 1/14/2022
BR,VVS1,D,4.00,4.99,68000, 1/14/2022
BR,VVS2,D,4.00,4.99,59500, 1/14/2022
BR,VS1,D,4.00,4.99,50500, 1/14/2022
BR,VS2,D,4.00,4.99,41000, 1/14/2022
BR,SI1,D,4.00,4.99,29500, 1/14/2022
BR,SI2,D,4.00,4.99,23500, 1/14/2022
BR,SI3,D,4.00,4.99,13500, 1/14/2022
BR,I1,D,4.00,4.99,10200, 1/14/2022
BR,I2,D,4.00,4.99,4900, 1/14/2022
BR,I3,D,4.00,4.99,2300, 1/14/2022
BR,IF,E,4.00,4.99,64000, 1/14/2022
BR,VVS1,E,4.00,4.99,58000, 1/14/2022
BR,VVS2,E,4.00,4.99,52000, 1/14/2022
BR,VS1,E,4.00,4.99,46000, 1/14/2022
BR,VS2,E,4.00,4.99,38500, 1/14/2022
BR,SI1,E,4.00,4.99,27500, 1/14/2022
BR,SI2,E,4.00,4.99,22000, 1/14/2022
BR,SI3,E,4.00,4.99,13000, 1/14/2022
BR,I1,E,4.00,4.99,9500, 1/14/2022
BR,I2,E,4.00,4.99,4700, 1/14/2022
BR,I3,E,4.00,4.99,2200, 1/14/2022
BR,IF,F,4.00,4.99,56000, 1/14/2022
BR,VVS1,F,4.00,4.99,50500, 1/14/2022
BR,VVS2,F,4.00,4.99,46000, 1/14/2022
BR,VS1,F,4.00,4.99,40500, 1/14/2022
BR,VS2,F,4.00,4.99,34500, 1/14/2022
BR,SI1,F,4.00,4.99,25500, 1/14/2022
BR,SI2,F,4.00,4.99,20500, 1/14/2022
BR,SI3,F,4.00,4.99,12400, 1/14/2022
BR,I1,F,4.00,4.99,9000, 1/14/2022
BR,I2,F,4.00,4.99,4500, 1/14/2022
BR,I3,F,4.00,4.99,2100, 1/14/2022
BR,IF,G,4.00,4.99,45500, 1/14/2022
BR,VVS1,G,4.00,4.99,42000, 1/14/2022
BR,VVS2,G,4.00,4.99,38500, 1/14/2022
BR,VS1,G,4.00,4.99,35000, 1/14/2022
BR,VS2,G,4.00,4.99,30500, 1/14/2022
BR,SI1,G,4.00,4.99,23000, 1/14/2022
BR,SI2,G,4.00,4.99,18500, 1/14/2022
BR,SI3,G,4.00,4.99,11200, 1/14/2022
BR,I1,G,4.00,4.99,8500, 1/14/2022
BR,I2,G,4.00,4.99,4200, 1/14/2022
BR,I3,G,4.00,4.99,2000, 1/14/2022
BR,IF,H,4.00,4.99,35000, 1/14/2022
BR,VVS1,H,4.00,4.99,32500, 1/14/2022
BR,VVS2,H,4.00,4.99,30500, 1/14/2022
BR,VS1,H,4.00,4.99,28500, 1/14/2022
BR,VS2,H,4.00,4.99,25000, 1/14/2022
BR,SI1,H,4.00,4.99,20000, 1/14/2022
BR,SI2,H,4.00,4.99,17000, 1/14/2022
BR,SI3,H,4.00,4.99,10200, 1/14/2022
BR,I1,H,4.00,4.99,8100, 1/14/2022
BR,I2,H,4.00,4.99,3900, 1/14/2022
BR,I3,H,4.00,4.99,1900, 1/14/2022
BR,IF,I,4.00,4.99,27000, 1/14/2022
BR,VVS1,I,4.00,4.99,25000, 1/14/2022
BR,VVS2,I,4.00,4.99,23500, 1/14/2022
BR,VS1,I,4.00,4.99,22000, 1/14/2022
BR,VS2,I,4.00,4.99,19500, 1/14/2022
BR,SI1,I,4.00,4.99,17000, 1/14/2022
BR,SI2,I,4.00,4.99,14500, 1/14/2022
BR,SI3,I,4.00,4.99,9500, 1/14/2022
BR,I1,I,4.00,4.99,7700, 1/14/2022
BR,I2,I,4.00,4.99,3700, 1/14/2022
BR,I3,I,4.00,4.99,1800, 1/14/2022
BR,IF,J,4.00,4.99,22000, 1/14/2022
BR,VVS1,J,4.00,4.99,20500, 1/14/2022
BR,VVS2,J,4.00,4.99,19000, 1/14/2022
BR,VS1,J,4.00,4.99,18000, 1/14/2022
BR,VS2,J,4.00,4.99,16500, 1/14/2022
BR,SI1,J,4.00,4.99,14500, 1/14/2022
BR,SI2,J,4.00,4.99,13000, 1/14/2022
BR,SI3,J,4.00,4.99,8400, 1/14/2022
BR,I1,J,4.00,4.99,6800, 1/14/2022
BR,I2,J,4.00,4.99,3500, 1/14/2022
BR,I3,J,4.00,4.99,1700, 1/14/2022
BR,IF,K,4.00,4.99,18000, 1/14/2022
BR,VVS1,K,4.00,4.99,17000, 1/14/2022
BR,VVS2,K,4.00,4.99,16000, 1/14/2022
BR,VS1,K,4.00,4.99,15000, 1/14/2022
BR,VS2,K,4.00,4.99,14000, 1/14/2022
BR,SI1,K,4.00,4.99,12500, 1/14/2022
BR,SI2,K,4.00,4.99,11500, 1/14/2022
BR,SI3,K,4.00,4.99,7400, 1/14/2022
BR,I1,K,4.00,4.99,5900, 1/14/2022
BR,I2,K,4.00,4.99,3200, 1/14/2022
BR,I3,K,4.00,4.99,1700, 1/14/2022
BR,IF,L,4.00,4.99,14500, 1/14/2022
BR,VVS1,L,4.00,4.99,13500, 1/14/2022
BR,VVS2,L,4.00,4.99,12500, 1/14/2022
BR,VS1,L,4.00,4.99,11500, 1/14/2022
BR,VS2,L,4.00,4.99,10500, 1/14/2022
BR,SI1,L,4.00,4.99,9800, 1/14/2022
BR,SI2,L,4.00,4.99,9000, 1/14/2022
BR,SI3,L,4.00,4.99,6600, 1/14/2022
BR,I1,L,4.00,4.99,5300, 1/14/2022
BR,I2,L,4.00,4.99,3000, 1/14/2022
BR,I3,L,4.00,4.99,1600, 1/14/2022
BR,IF,M,4.00,4.99,11700, 1/14/2022
BR,VVS1,M,4.00,4.99,10700, 1/14/2022
BR,VVS2,M,4.00,4.99,9700, 1/14/2022
BR,VS1,M,4.00,4.99,9200, 1/14/2022
BR,VS2,M,4.00,4.99,8700, 1/14/2022
BR,SI1,M,4.00,4.99,8200, 1/14/2022
BR,SI2,M,4.00,4.99,7200, 1/14/2022
BR,SI3,M,4.00,4.99,5800, 1/14/2022
BR,I1,M,4.00,4.99,4500, 1/14/2022
BR,I2,M,4.00,4.99,2900, 1/14/2022
BR,I3,M,4.00,4.99,1600, 1/14/2022
BR,IF,D,5.00,5.99,114000, 1/14/2022
BR,VVS1,D,5.00,5.99,91500, 1/14/2022
BR,VVS2,D,5.00,5.99,80000, 1/14/2022
BR,VS1,D,5.00,5.99,72500, 1/14/2022
BR,VS2,D,5.00,5.99,59000, 1/14/2022
BR,SI1,D,5.00,5.99,42000, 1/14/2022
BR,SI2,D,5.00,5.99,31000, 1/14/2022
BR,SI3,D,5.00,5.99,15500, 1/14/2022
BR,I1,D,5.00,5.99,11500, 1/14/2022
BR,I2,D,5.00,5.99,5200, 1/14/2022
BR,I3,D,5.00,5.99,2500, 1/14/2022
BR,IF,E,5.00,5.99,85000, 1/14/2022
BR,VVS1,E,5.00,5.99,77500, 1/14/2022
BR,VVS2,E,5.00,5.99,70500, 1/14/2022
BR,VS1,E,5.00,5.99,63000, 1/14/2022
BR,VS2,E,5.00,5.99,53500, 1/14/2022
BR,SI1,E,5.00,5.99,39000, 1/14/2022
BR,SI2,E,5.00,5.99,29000, 1/14/2022
BR,SI3,E,5.00,5.99,15000, 1/14/2022
BR,I1,E,5.00,5.99,11000, 1/14/2022
BR,I2,E,5.00,5.99,5000, 1/14/2022
BR,I3,E,5.00,5.99,2300, 1/14/2022
BR,IF,F,5.00,5.99,72500, 1/14/2022
BR,VVS1,F,5.00,5.99,67500, 1/14/2022
BR,VVS2,F,5.00,5.99,60500, 1/14/2022
BR,VS1,F,5.00,5.99,55500, 1/14/2022
BR,VS2,F,5.00,5.99,47500, 1/14/2022
BR,SI1,F,5.00,5.99,35500, 1/14/2022
BR,SI2,F,5.00,5.99,27500, 1/14/2022
BR,SI3,F,5.00,5.99,14500, 1/14/2022
BR,I1,F,5.00,5.99,10500, 1/14/2022
BR,I2,F,5.00,5.99,4800, 1/14/2022
BR,I3,F,5.00,5.99,2200, 1/14/2022
BR,IF,G,5.00,5.99,60500, 1/14/2022
BR,VVS1,G,5.00,5.99,56500, 1/14/2022
BR,VVS2,G,5.00,5.99,52000, 1/14/2022
BR,VS1,G,5.00,5.99,48500, 1/14/2022
BR,VS2,G,5.00,5.99,40500, 1/14/2022
BR,SI1,G,5.00,5.99,31500, 1/14/2022
BR,SI2,G,5.00,5.99,26000, 1/14/2022
BR,SI3,G,5.00,5.99,14000, 1/14/2022
BR,I1,G,5.00,5.99,10000, 1/14/2022
BR,I2,G,5.00,5.99,4600, 1/14/2022
BR,I3,G,5.00,5.99,2100, 1/14/2022
BR,IF,H,5.00,5.99,47500, 1/14/2022
BR,VVS1,H,5.00,5.99,44500, 1/14/2022
BR,VVS2,H,5.00,5.99,41000, 1/14/2022
BR,VS1,H,5.00,5.99,37000, 1/14/2022
BR,VS2,H,5.00,5.99,32500, 1/14/2022
BR,SI1,H,5.00,5.99,26500, 1/14/2022
BR,SI2,H,5.00,5.99,22000, 1/14/2022
BR,SI3,H,5.00,5.99,13000, 1/14/2022
BR,I1,H,5.00,5.99,9000, 1/14/2022
BR,I2,H,5.00,5.99,4300, 1/14/2022
BR,I3,H,5.00,5.99,2100, 1/14/2022
BR,IF,I,5.00,5.99,36000, 1/14/2022
BR,VVS1,I,5.00,5.99,34000, 1/14/2022
BR,VVS2,I,5.00,5.99,31500, 1/14/2022
BR,VS1,I,5.00,5.99,29000, 1/14/2022
BR,VS2,I,5.00,5.99,25500, 1/14/2022
BR,SI1,I,5.00,5.99,22000, 1/14/2022
BR,SI2,I,5.00,5.99,18000, 1/14/2022
BR,SI3,I,5.00,5.99,12000, 1/14/2022
BR,I1,I,5.00,5.99,8400, 1/14/2022
BR,I2,I,5.00,5.99,4100, 1/14/2022
BR,I3,I,5.00,5.99,2000, 1/14/2022
BR,IF,J,5.00,5.99,28000, 1/14/2022
BR,VVS1,J,5.00,5.99,25500, 1/14/2022
BR,VVS2,J,5.00,5.99,24000, 1/14/2022
BR,VS1,J,5.00,5.99,22500, 1/14/2022
BR,VS2,J,5.00,5.99,21000, 1/14/2022
BR,SI1,J,5.00,5.99,18500, 1/14/2022
BR,SI2,J,5.00,5.99,16000, 1/14/2022
BR,SI3,J,5.00,5.99,11000, 1/14/2022
BR,I1,J,5.00,5.99,7900, 1/14/2022
BR,I2,J,5.00,5.99,3800, 1/14/2022
BR,I3,J,5.00,5.99,1900, 1/14/2022
BR,IF,K,5.00,5.99,22000, 1/14/2022
BR,VVS1,K,5.00,5.99,20500, 1/14/2022
BR,VVS2,K,5.00,5.99,19500, 1/14/2022
BR,VS1,K,5.00,5.99,18000, 1/14/2022
BR,VS2,K,5.00,5.99,17000, 1/14/2022
BR,SI1,K,5.00,5.99,15500, 1/14/2022
BR,SI2,K,5.00,5.99,14000, 1/14/2022
BR,SI3,K,5.00,5.99,10000, 1/14/2022
BR,I1,K,5.00,5.99,7200, 1/14/2022
BR,I2,K,5.00,5.99,3600, 1/14/2022
BR,I3,K,5.00,5.99,1800, 1/14/2022
BR,IF,L,5.00,5.99,17000, 1/14/2022
BR,VVS1,L,5.00,5.99,16000, 1/14/2022
BR,VVS2,L,5.00,5.99,15500, 1/14/2022
BR,VS1,L,5.00,5.99,14500, 1/14/2022
BR,VS2,L,5.00,5.99,13500, 1/14/2022
BR,SI1,L,5.00,5.99,12500, 1/14/2022
BR,SI2,L,5.00,5.99,11500, 1/14/2022
BR,SI3,L,5.00,5.99,9000, 1/14/2022
BR,I1,L,5.00,5.99,6200, 1/14/2022
BR,I2,L,5.00,5.99,3300, 1/14/2022
BR,I3,L,5.00,5.99,1700, 1/14/2022
BR,IF,M,5.00,5.99,14500, 1/14/2022
BR,VVS1,M,5.00,5.99,13500, 1/14/2022
BR,VVS2,M,5.00,5.99,13000, 1/14/2022
BR,VS1,M,5.00,5.99,12000, 1/14/2022
BR,VS2,M,5.00,5.99,11000, 1/14/2022
BR,SI1,M,5.00,5.99,10000, 1/14/2022
BR,SI2,M,5.00,5.99,9000, 1/14/2022
BR,SI3,M,5.00,5.99,7000, 1/14/2022
BR,I1,M,5.00,5.99,5400, 1/14/2022
BR,I2,M,5.00,5.99,3000, 1/14/2022
BR,I3,M,5.00,5.99,1600, 1/14/2022
BR,IF,D,10.00,10.99,175500, 1/14/2022
BR,VVS1,D,10.00,10.99,136500, 1/14/2022
BR,VVS2,D,10.00,10.99,120500, 1/14/2022
BR,VS1,D,10.00,10.99,109000, 1/14/2022
BR,VS2,D,10.00,10.99,92500, 1/14/2022
BR,SI1,D,10.00,10.99,61500, 1/14/2022
BR,SI2,D,10.00,10.99,45000, 1/14/2022
BR,SI3,D,10.00,10.99,23500, 1/14/2022
BR,I1,D,10.00,10.99,13000, 1/14/2022
BR,I2,D,10.00,10.99,5900, 1/14/2022
BR,I3,D,10.00,10.99,2700, 1/14/2022
BR,IF,E,10.00,10.99,130000, 1/14/2022
BR,VVS1,E,10.00,10.99,120500, 1/14/2022
BR,VVS2,E,10.00,10.99,108500, 1/14/2022
BR,VS1,E,10.00,10.99,98500, 1/14/2022
BR,VS2,E,10.00,10.99,84500, 1/14/2022
BR,SI1,E,10.00,10.99,57000, 1/14/2022
BR,SI2,E,10.00,10.99,42000, 1/14/2022
BR,SI3,E,10.00,10.99,22000, 1/14/2022
BR,I1,E,10.00,10.99,12500, 1/14/2022
BR,I2,E,10.00,10.99,5600, 1/14/2022
BR,I3,E,10.00,10.99,2600, 1/14/2022
BR,IF,F,10.00,10.99,111000, 1/14/2022
BR,VVS1,F,10.00,10.99,105000, 1/14/2022
BR,VVS2,F,10.00,10.99,94500, 1/14/2022
BR,VS1,F,10.00,10.99,84500, 1/14/2022
BR,VS2,F,10.00,10.99,72500, 1/14/2022
BR,SI1,F,10.00,10.99,53000, 1/14/2022
BR,SI2,F,10.00,10.99,39500, 1/14/2022
BR,SI3,F,10.00,10.99,20500, 1/14/2022
BR,I1,F,10.00,10.99,12000, 1/14/2022
BR,I2,F,10.00,10.99,5400, 1/14/2022
BR,I3,F,10.00,10.99,2500, 1/14/2022
BR,IF,G,10.00,10.99,93000, 1/14/2022
BR,VVS1,G,10.00,10.99,88000, 1/14/2022
BR,VVS2,G,10.00,10.99,80500, 1/14/2022
BR,VS1,G,10.00,10.99,73000, 1/14/2022
BR,VS2,G,10.00,10.99,62500, 1/14/2022
BR,SI1,G,10.00,10.99,48000, 1/14/2022
BR,SI2,G,10.00,10.99,36500, 1/14/2022
BR,SI3,G,10.00,10.99,19000, 1/14/2022
BR,I1,G,10.00,10.99,11500, 1/14/2022
BR,I2,G,10.00,10.99,5200, 1/14/2022
BR,I3,G,10.00,10.99,2400, 1/14/2022
BR,IF,H,10.00,10.99,73500, 1/14/2022
BR,VVS1,H,10.00,10.99,69000, 1/14/2022
BR,VVS2,H,10.00,10.99,64000, 1/14/2022
BR,VS1,H,10.00,10.99,58000, 1/14/2022
BR,VS2,H,10.00,10.99,50000, 1/14/2022
BR,SI1,H,10.00,10.99,40500, 1/14/2022
BR,SI2,H,10.00,10.99,32500, 1/14/2022
BR,SI3,H,10.00,10.99,17000, 1/14/2022
BR,I1,H,10.00,10.99,11000, 1/14/2022
BR,I2,H,10.00,10.99,5000, 1/14/2022
BR,I3,H,10.00,10.99,2300, 1/14/2022
BR,IF,I,10.00,10.99,56000, 1/14/2022
BR,VVS1,I,10.00,10.99,53000, 1/14/2022
BR,VVS2,I,10.00,10.99,50000, 1/14/2022
BR,VS1,I,10.00,10.99,47000, 1/14/2022
BR,VS2,I,10.00,10.99,40500, 1/14/2022
BR,SI1,I,10.00,10.99,34000, 1/14/2022
BR,SI2,I,10.00,10.99,27000, 1/14/2022
BR,SI3,I,10.00,10.99,15500, 1/14/2022
BR,I1,I,10.00,10.99,10500, 1/14/2022
BR,I2,I,10.00,10.99,4800, 1/14/2022
BR,I3,I,10.00,10.99,2200, 1/14/2022
BR,IF,J,10.00,10.99,43000, 1/14/2022
BR,VVS1,J,10.00,10.99,40500, 1/14/2022
BR,VVS2,J,10.00,10.99,38000, 1/14/2022
BR,VS1,J,10.00,10.99,36000, 1/14/2022
BR,VS2,J,10.00,10.99,32500, 1/14/2022
BR,SI1,J,10.00,10.99,28500, 1/14/2022
BR,SI2,J,10.00,10.99,23500, 1/14/2022
BR,SI3,J,10.00,10.99,14000, 1/14/2022
BR,I1,J,10.00,10.99,10000, 1/14/2022
BR,I2,J,10.00,10.99,4600, 1/14/2022
BR,I3,J,10.00,10.99,2100, 1/14/2022
BR,IF,K,10.00,10.99,34500, 1/14/2022
BR,VVS1,K,10.00,10.99,32500, 1/14/2022
BR,VVS2,K,10.00,10.99,30500, 1/14/2022
BR,VS1,K,10.00,10.99,28500, 1/14/2022
BR,VS2,K,10.00,10.99,26000, 1/14/2022
BR,SI1,K,10.00,10.99,22000, 1/14/2022
BR,SI2,K,10.00,10.99,19000, 1/14/2022
BR,SI3,K,10.00,10.99,12500, 1/14/2022
BR,I1,K,10.00,10.99,9000, 1/14/2022
BR,I2,K,10.00,10.99,4400, 1/14/2022
BR,I3,K,10.00,10.99,2000, 1/14/2022
BR,IF,L,10.00,10.99,26500, 1/14/2022
BR,VVS1,L,10.00,10.99,25000, 1/14/2022
BR,VVS2,L,10.00,10.99,23500, 1/14/2022
BR,VS1,L,10.00,10.99,21500, 1/14/2022
BR,VS2,L,10.00,10.99,20000, 1/14/2022
BR,SI1,L,10.00,10.99,18000, 1/14/2022
BR,SI2,L,10.00,10.99,15000, 1/14/2022
BR,SI3,L,10.00,10.99,11000, 1/14/2022
BR,I1,L,10.00,10.99,7900, 1/14/2022
BR,I2,L,10.00,10.99,4200, 1/14/2022
BR,I3,L,10.00,10.99,1900, 1/14/2022
BR,IF,M,10.00,10.99,22000, 1/14/2022
BR,VVS1,M,10.00,10.99,20500, 1/14/2022
BR,VVS2,M,10.00,10.99,19500, 1/14/2022
BR,VS1,M,10.00,10.99,18500, 1/14/2022
BR,VS2,M,10.00,10.99,17500, 1/14/2022
BR,SI1,M,10.00,10.99,15500, 1/14/2022
BR,SI2,M,10.00,10.99,13000, 1/14/2022
BR,SI3,M,10.00,10.99,9500, 1/14/2022
BR,I1,M,10.00,10.99,6600, 1/14/2022
BR,I2,M,10.00,10.99,4000, 1/14/2022
BR,I3,M,10.00,10.99,1800, 1/14/2022
