BR,IF,D,0.01,0.03,830.0, 7/5/2024
BR,VVS1,D,0.01,0.03,830.0, 7/5/2024
BR,VVS2,D,0.01,0.03,830.0, 7/5/2024
BR,VS1,D,0.01,0.03,730.0, 7/5/2024
BR,VS2,D,0.01,0.03,730.0, 7/5/2024
BR,SI1,D,0.01,0.03,640.0, 7/5/2024
BR,SI2,D,0.01,0.03,560.0, 7/5/2024
BR,SI3,D,0.01,0.03,490.0, 7/5/2024
BR,I1,D,0.01,0.03,430.0, 7/5/2024
BR,I2,D,0.01,0.03,350.0, 7/5/2024
BR,I3,D,0.01,0.03,280.0, 7/5/2024
BR,IF,E,0.01,0.03,830.0, 7/5/2024
BR,VVS1,E,0.01,0.03,830.0, 7/5/2024
BR,VVS2,E,0.01,0.03,830.0, 7/5/2024
BR,VS1,E,0.01,0.03,730.0, 7/5/2024
BR,VS2,E,0.01,0.03,730.0, 7/5/2024
BR,SI1,E,0.01,0.03,640.0, 7/5/2024
BR,SI2,E,0.01,0.03,560.0, 7/5/2024
BR,SI3,E,0.01,0.03,490.0, 7/5/2024
BR,I1,E,0.01,0.03,430.0, 7/5/2024
BR,I2,E,0.01,0.03,350.0, 7/5/2024
BR,I3,E,0.01,0.03,280.0, 7/5/2024
BR,IF,F,0.01,0.03,830.0, 7/5/2024
BR,VVS1,F,0.01,0.03,830.0, 7/5/2024
BR,VVS2,F,0.01,0.03,830.0, 7/5/2024
BR,VS1,F,0.01,0.03,730.0, 7/5/2024
BR,VS2,F,0.01,0.03,730.0, 7/5/2024
BR,SI1,F,0.01,0.03,640.0, 7/5/2024
BR,SI2,F,0.01,0.03,560.0, 7/5/2024
BR,SI3,F,0.01,0.03,490.0, 7/5/2024
BR,I1,F,0.01,0.03,430.0, 7/5/2024
BR,I2,F,0.01,0.03,350.0, 7/5/2024
BR,I3,F,0.01,0.03,280.0, 7/5/2024
BR,IF,G,0.01,0.03,710.0, 7/5/2024
BR,VVS1,G,0.01,0.03,710.0, 7/5/2024
BR,VVS2,G,0.01,0.03,710.0, 7/5/2024
BR,VS1,G,0.01,0.03,640.0, 7/5/2024
BR,VS2,G,0.01,0.03,640.0, 7/5/2024
BR,SI1,G,0.01,0.03,570.0, 7/5/2024
BR,SI2,G,0.01,0.03,500.0, 7/5/2024
BR,SI3,G,0.01,0.03,440.0, 7/5/2024
BR,I1,G,0.01,0.03,380.0, 7/5/2024
BR,I2,G,0.01,0.03,310.0, 7/5/2024
BR,I3,G,0.01,0.03,260.0, 7/5/2024
BR,IF,H,0.01,0.03,710.0, 7/5/2024
BR,VVS1,H,0.01,0.03,710.0, 7/5/2024
BR,VVS2,H,0.01,0.03,710.0, 7/5/2024
BR,VS1,H,0.01,0.03,640.0, 7/5/2024
BR,VS2,H,0.01,0.03,640.0, 7/5/2024
BR,SI1,H,0.01,0.03,570.0, 7/5/2024
BR,SI2,H,0.01,0.03,500.0, 7/5/2024
BR,SI3,H,0.01,0.03,440.0, 7/5/2024
BR,I1,H,0.01,0.03,380.0, 7/5/2024
BR,I2,H,0.01,0.03,310.0, 7/5/2024
BR,I3,H,0.01,0.03,260.0, 7/5/2024
BR,IF,I,0.01,0.03,640.0, 7/5/2024
BR,VVS1,I,0.01,0.03,640.0, 7/5/2024
BR,VVS2,I,0.01,0.03,640.0, 7/5/2024
BR,VS1,I,0.01,0.03,580.0, 7/5/2024
BR,VS2,I,0.01,0.03,580.0, 7/5/2024
BR,SI1,I,0.01,0.03,520.0, 7/5/2024
BR,SI2,I,0.01,0.03,460.0, 7/5/2024
BR,SI3,I,0.01,0.03,400.0, 7/5/2024
BR,I1,I,0.01,0.03,340.0, 7/5/2024
BR,I2,I,0.01,0.03,280.0, 7/5/2024
BR,I3,I,0.01,0.03,240.0, 7/5/2024
BR,IF,J,0.01,0.03,640.0, 7/5/2024
BR,VVS1,J,0.01,0.03,640.0, 7/5/2024
BR,VVS2,J,0.01,0.03,640.0, 7/5/2024
BR,VS1,J,0.01,0.03,580.0, 7/5/2024
BR,VS2,J,0.01,0.03,580.0, 7/5/2024
BR,SI1,J,0.01,0.03,520.0, 7/5/2024
BR,SI2,J,0.01,0.03,460.0, 7/5/2024
BR,SI3,J,0.01,0.03,400.0, 7/5/2024
BR,I1,J,0.01,0.03,340.0, 7/5/2024
BR,I2,J,0.01,0.03,280.0, 7/5/2024
BR,I3,J,0.01,0.03,240.0, 7/5/2024
BR,IF,K,0.01,0.03,440.0, 7/5/2024
BR,VVS1,K,0.01,0.03,440.0, 7/5/2024
BR,VVS2,K,0.01,0.03,440.0, 7/5/2024
BR,VS1,K,0.01,0.03,390.0, 7/5/2024
BR,VS2,K,0.01,0.03,390.0, 7/5/2024
BR,SI1,K,0.01,0.03,340.0, 7/5/2024
BR,SI2,K,0.01,0.03,310.0, 7/5/2024
BR,SI3,K,0.01,0.03,280.0, 7/5/2024
BR,I1,K,0.01,0.03,250.0, 7/5/2024
BR,I2,K,0.01,0.03,200.0, 7/5/2024
BR,I3,K,0.01,0.03,160.0, 7/5/2024
BR,IF,L,0.01,0.03,440.0, 7/5/2024
BR,VVS1,L,0.01,0.03,440.0, 7/5/2024
BR,VVS2,L,0.01,0.03,440.0, 7/5/2024
BR,VS1,L,0.01,0.03,390.0, 7/5/2024
BR,VS2,L,0.01,0.03,390.0, 7/5/2024
BR,SI1,L,0.01,0.03,340.0, 7/5/2024
BR,SI2,L,0.01,0.03,310.0, 7/5/2024
BR,SI3,L,0.01,0.03,280.0, 7/5/2024
BR,I1,L,0.01,0.03,250.0, 7/5/2024
BR,I2,L,0.01,0.03,200.0, 7/5/2024
BR,I3,L,0.01,0.03,160.0, 7/5/2024
BR,IF,M,0.01,0.03,290.0, 7/5/2024
BR,VVS1,M,0.01,0.03,290.0, 7/5/2024
BR,VVS2,M,0.01,0.03,290.0, 7/5/2024
BR,VS1,M,0.01,0.03,260.0, 7/5/2024
BR,VS2,M,0.01,0.03,260.0, 7/5/2024
BR,SI1,M,0.01,0.03,230.0, 7/5/2024
BR,SI2,M,0.01,0.03,200.0, 7/5/2024
BR,SI3,M,0.01,0.03,180.0, 7/5/2024
BR,I1,M,0.01,0.03,160.0, 7/5/2024
BR,I2,M,0.01,0.03,140.0, 7/5/2024
BR,I3,M,0.01,0.03,120.0, 7/5/2024
BR,IF,N,0.01,0.03,290.0, 7/5/2024
BR,VVS1,N,0.01,0.03,290.0, 7/5/2024
BR,VVS2,N,0.01,0.03,290.0, 7/5/2024
BR,VS1,N,0.01,0.03,260.0, 7/5/2024
BR,VS2,N,0.01,0.03,260.0, 7/5/2024
BR,SI1,N,0.01,0.03,230.0, 7/5/2024
BR,SI2,N,0.01,0.03,200.0, 7/5/2024
BR,SI3,N,0.01,0.03,180.0, 7/5/2024
BR,I1,N,0.01,0.03,160.0, 7/5/2024
BR,I2,N,0.01,0.03,140.0, 7/5/2024
BR,I3,N,0.01,0.03,120.0, 7/5/2024
BR,IF,D,0.04,0.07,950.0, 7/5/2024
BR,VVS1,D,0.04,0.07,950.0, 7/5/2024
BR,VVS2,D,0.04,0.07,950.0, 7/5/2024
BR,VS1,D,0.04,0.07,830.0, 7/5/2024
BR,VS2,D,0.04,0.07,830.0, 7/5/2024
BR,SI1,D,0.04,0.07,720.0, 7/5/2024
BR,SI2,D,0.04,0.07,620.0, 7/5/2024
BR,SI3,D,0.04,0.07,530.0, 7/5/2024
BR,I1,D,0.04,0.07,480.0, 7/5/2024
BR,I2,D,0.04,0.07,400.0, 7/5/2024
BR,I3,D,0.04,0.07,310.0, 7/5/2024
BR,IF,E,0.04,0.07,950.0, 7/5/2024
BR,VVS1,E,0.04,0.07,950.0, 7/5/2024
BR,VVS2,E,0.04,0.07,950.0, 7/5/2024
BR,VS1,E,0.04,0.07,830.0, 7/5/2024
BR,VS2,E,0.04,0.07,830.0, 7/5/2024
BR,SI1,E,0.04,0.07,720.0, 7/5/2024
BR,SI2,E,0.04,0.07,620.0, 7/5/2024
BR,SI3,E,0.04,0.07,530.0, 7/5/2024
BR,I1,E,0.04,0.07,480.0, 7/5/2024
BR,I2,E,0.04,0.07,400.0, 7/5/2024
BR,I3,E,0.04,0.07,310.0, 7/5/2024
BR,IF,F,0.04,0.07,950.0, 7/5/2024
BR,VVS1,F,0.04,0.07,950.0, 7/5/2024
BR,VVS2,F,0.04,0.07,950.0, 7/5/2024
BR,VS1,F,0.04,0.07,830.0, 7/5/2024
BR,VS2,F,0.04,0.07,830.0, 7/5/2024
BR,SI1,F,0.04,0.07,720.0, 7/5/2024
BR,SI2,F,0.04,0.07,620.0, 7/5/2024
BR,SI3,F,0.04,0.07,530.0, 7/5/2024
BR,I1,F,0.04,0.07,480.0, 7/5/2024
BR,I2,F,0.04,0.07,400.0, 7/5/2024
BR,I3,F,0.04,0.07,310.0, 7/5/2024
BR,IF,G,0.04,0.07,770.0, 7/5/2024
BR,VVS1,G,0.04,0.07,770.0, 7/5/2024
BR,VVS2,G,0.04,0.07,770.0, 7/5/2024
BR,VS1,G,0.04,0.07,690.0, 7/5/2024
BR,VS2,G,0.04,0.07,690.0, 7/5/2024
BR,SI1,G,0.04,0.07,620.0, 7/5/2024
BR,SI2,G,0.04,0.07,550.0, 7/5/2024
BR,SI3,G,0.04,0.07,490.0, 7/5/2024
BR,I1,G,0.04,0.07,440.0, 7/5/2024
BR,I2,G,0.04,0.07,360.0, 7/5/2024
BR,I3,G,0.04,0.07,280.0, 7/5/2024
BR,IF,H,0.04,0.07,770.0, 7/5/2024
BR,VVS1,H,0.04,0.07,770.0, 7/5/2024
BR,VVS2,H,0.04,0.07,770.0, 7/5/2024
BR,VS1,H,0.04,0.07,690.0, 7/5/2024
BR,VS2,H,0.04,0.07,690.0, 7/5/2024
BR,SI1,H,0.04,0.07,620.0, 7/5/2024
BR,SI2,H,0.04,0.07,550.0, 7/5/2024
BR,SI3,H,0.04,0.07,490.0, 7/5/2024
BR,I1,H,0.04,0.07,440.0, 7/5/2024
BR,I2,H,0.04,0.07,360.0, 7/5/2024
BR,I3,H,0.04,0.07,280.0, 7/5/2024
BR,IF,I,0.04,0.07,680.0, 7/5/2024
BR,VVS1,I,0.04,0.07,680.0, 7/5/2024
BR,VVS2,I,0.04,0.07,680.0, 7/5/2024
BR,VS1,I,0.04,0.07,620.0, 7/5/2024
BR,VS2,I,0.04,0.07,620.0, 7/5/2024
BR,SI1,I,0.04,0.07,570.0, 7/5/2024
BR,SI2,I,0.04,0.07,510.0, 7/5/2024
BR,SI3,I,0.04,0.07,450.0, 7/5/2024
BR,I1,I,0.04,0.07,400.0, 7/5/2024
BR,I2,I,0.04,0.07,320.0, 7/5/2024
BR,I3,I,0.04,0.07,260.0, 7/5/2024
BR,IF,J,0.04,0.07,680.0, 7/5/2024
BR,VVS1,J,0.04,0.07,680.0, 7/5/2024
BR,VVS2,J,0.04,0.07,680.0, 7/5/2024
BR,VS1,J,0.04,0.07,620.0, 7/5/2024
BR,VS2,J,0.04,0.07,620.0, 7/5/2024
BR,SI1,J,0.04,0.07,570.0, 7/5/2024
BR,SI2,J,0.04,0.07,510.0, 7/5/2024
BR,SI3,J,0.04,0.07,450.0, 7/5/2024
BR,I1,J,0.04,0.07,400.0, 7/5/2024
BR,I2,J,0.04,0.07,320.0, 7/5/2024
BR,I3,J,0.04,0.07,260.0, 7/5/2024
BR,IF,K,0.04,0.07,470.0, 7/5/2024
BR,VVS1,K,0.04,0.07,470.0, 7/5/2024
BR,VVS2,K,0.04,0.07,470.0, 7/5/2024
BR,VS1,K,0.04,0.07,420.0, 7/5/2024
BR,VS2,K,0.04,0.07,420.0, 7/5/2024
BR,SI1,K,0.04,0.07,380.0, 7/5/2024
BR,SI2,K,0.04,0.07,340.0, 7/5/2024
BR,SI3,K,0.04,0.07,310.0, 7/5/2024
BR,I1,K,0.04,0.07,270.0, 7/5/2024
BR,I2,K,0.04,0.07,220.0, 7/5/2024
BR,I3,K,0.04,0.07,170.0, 7/5/2024
BR,IF,L,0.04,0.07,470.0, 7/5/2024
BR,VVS1,L,0.04,0.07,470.0, 7/5/2024
BR,VVS2,L,0.04,0.07,470.0, 7/5/2024
BR,VS1,L,0.04,0.07,420.0, 7/5/2024
BR,VS2,L,0.04,0.07,420.0, 7/5/2024
BR,SI1,L,0.04,0.07,380.0, 7/5/2024
BR,SI2,L,0.04,0.07,340.0, 7/5/2024
BR,SI3,L,0.04,0.07,310.0, 7/5/2024
BR,I1,L,0.04,0.07,270.0, 7/5/2024
BR,I2,L,0.04,0.07,220.0, 7/5/2024
BR,I3,L,0.04,0.07,170.0, 7/5/2024
BR,IF,M,0.04,0.07,310.0, 7/5/2024
BR,VVS1,M,0.04,0.07,310.0, 7/5/2024
BR,VVS2,M,0.04,0.07,310.0, 7/5/2024
BR,VS1,M,0.04,0.07,280.0, 7/5/2024
BR,VS2,M,0.04,0.07,280.0, 7/5/2024
BR,SI1,M,0.04,0.07,240.0, 7/5/2024
BR,SI2,M,0.04,0.07,210.0, 7/5/2024
BR,SI3,M,0.04,0.07,190.0, 7/5/2024
BR,I1,M,0.04,0.07,170.0, 7/5/2024
BR,I2,M,0.04,0.07,150.0, 7/5/2024
BR,I3,M,0.04,0.07,130.0, 7/5/2024
BR,IF,N,0.04,0.07,310.0, 7/5/2024
BR,VVS1,N,0.04,0.07,310.0, 7/5/2024
BR,VVS2,N,0.04,0.07,310.0, 7/5/2024
BR,VS1,N,0.04,0.07,280.0, 7/5/2024
BR,VS2,N,0.04,0.07,280.0, 7/5/2024
BR,SI1,N,0.04,0.07,240.0, 7/5/2024
BR,SI2,N,0.04,0.07,210.0, 7/5/2024
BR,SI3,N,0.04,0.07,190.0, 7/5/2024
BR,I1,N,0.04,0.07,170.0, 7/5/2024
BR,I2,N,0.04,0.07,150.0, 7/5/2024
BR,I3,N,0.04,0.07,130.0, 7/5/2024
BR,IF,D,0.08,0.14,1060.0, 7/5/2024
BR,VVS1,D,0.08,0.14,1060.0, 7/5/2024
BR,VVS2,D,0.08,0.14,1060.0, 7/5/2024
BR,VS1,D,0.08,0.14,960.0, 7/5/2024
BR,VS2,D,0.08,0.14,960.0, 7/5/2024
BR,SI1,D,0.08,0.14,850.0, 7/5/2024
BR,SI2,D,0.08,0.14,760.0, 7/5/2024
BR,SI3,D,0.08,0.14,680.0, 7/5/2024
BR,I1,D,0.08,0.14,570.0, 7/5/2024
BR,I2,D,0.08,0.14,480.0, 7/5/2024
BR,I3,D,0.08,0.14,400.0, 7/5/2024
BR,IF,E,0.08,0.14,1060.0, 7/5/2024
BR,VVS1,E,0.08,0.14,1060.0, 7/5/2024
BR,VVS2,E,0.08,0.14,1060.0, 7/5/2024
BR,VS1,E,0.08,0.14,960.0, 7/5/2024
BR,VS2,E,0.08,0.14,960.0, 7/5/2024
BR,SI1,E,0.08,0.14,850.0, 7/5/2024
BR,SI2,E,0.08,0.14,760.0, 7/5/2024
BR,SI3,E,0.08,0.14,680.0, 7/5/2024
BR,I1,E,0.08,0.14,570.0, 7/5/2024
BR,I2,E,0.08,0.14,480.0, 7/5/2024
BR,I3,E,0.08,0.14,400.0, 7/5/2024
BR,IF,F,0.08,0.14,1060.0, 7/5/2024
BR,VVS1,F,0.08,0.14,1060.0, 7/5/2024
BR,VVS2,F,0.08,0.14,1060.0, 7/5/2024
BR,VS1,F,0.08,0.14,960.0, 7/5/2024
BR,VS2,F,0.08,0.14,960.0, 7/5/2024
BR,SI1,F,0.08,0.14,850.0, 7/5/2024
BR,SI2,F,0.08,0.14,760.0, 7/5/2024
BR,SI3,F,0.08,0.14,680.0, 7/5/2024
BR,I1,F,0.08,0.14,570.0, 7/5/2024
BR,I2,F,0.08,0.14,480.0, 7/5/2024
BR,I3,F,0.08,0.14,400.0, 7/5/2024
BR,IF,G,0.08,0.14,880.0, 7/5/2024
BR,VVS1,G,0.08,0.14,880.0, 7/5/2024
BR,VVS2,G,0.08,0.14,880.0, 7/5/2024
BR,VS1,G,0.08,0.14,820.0, 7/5/2024
BR,VS2,G,0.08,0.14,820.0, 7/5/2024
BR,SI1,G,0.08,0.14,770.0, 7/5/2024
BR,SI2,G,0.08,0.14,690.0, 7/5/2024
BR,SI3,G,0.08,0.14,620.0, 7/5/2024
BR,I1,G,0.08,0.14,520.0, 7/5/2024
BR,I2,G,0.08,0.14,430.0, 7/5/2024
BR,I3,G,0.08,0.14,360.0, 7/5/2024
BR,IF,H,0.08,0.14,880.0, 7/5/2024
BR,VVS1,H,0.08,0.14,880.0, 7/5/2024
BR,VVS2,H,0.08,0.14,880.0, 7/5/2024
BR,VS1,H,0.08,0.14,820.0, 7/5/2024
BR,VS2,H,0.08,0.14,820.0, 7/5/2024
BR,SI1,H,0.08,0.14,770.0, 7/5/2024
BR,SI2,H,0.08,0.14,690.0, 7/5/2024
BR,SI3,H,0.08,0.14,620.0, 7/5/2024
BR,I1,H,0.08,0.14,520.0, 7/5/2024
BR,I2,H,0.08,0.14,430.0, 7/5/2024
BR,I3,H,0.08,0.14,360.0, 7/5/2024
BR,IF,I,0.08,0.14,800.0, 7/5/2024
BR,VVS1,I,0.08,0.14,800.0, 7/5/2024
BR,VVS2,I,0.08,0.14,800.0, 7/5/2024
BR,VS1,I,0.08,0.14,740.0, 7/5/2024
BR,VS2,I,0.08,0.14,740.0, 7/5/2024
BR,SI1,I,0.08,0.14,680.0, 7/5/2024
BR,SI2,I,0.08,0.14,610.0, 7/5/2024
BR,SI3,I,0.08,0.14,540.0, 7/5/2024
BR,I1,I,0.08,0.14,470.0, 7/5/2024
BR,I2,I,0.08,0.14,390.0, 7/5/2024
BR,I3,I,0.08,0.14,320.0, 7/5/2024
BR,IF,J,0.08,0.14,800.0, 7/5/2024
BR,VVS1,J,0.08,0.14,800.0, 7/5/2024
BR,VVS2,J,0.08,0.14,800.0, 7/5/2024
BR,VS1,J,0.08,0.14,740.0, 7/5/2024
BR,VS2,J,0.08,0.14,740.0, 7/5/2024
BR,SI1,J,0.08,0.14,680.0, 7/5/2024
BR,SI2,J,0.08,0.14,610.0, 7/5/2024
BR,SI3,J,0.08,0.14,540.0, 7/5/2024
BR,I1,J,0.08,0.14,470.0, 7/5/2024
BR,I2,J,0.08,0.14,390.0, 7/5/2024
BR,I3,J,0.08,0.14,320.0, 7/5/2024
BR,IF,K,0.08,0.14,630.0, 7/5/2024
BR,VVS1,K,0.08,0.14,630.0, 7/5/2024
BR,VVS2,K,0.08,0.14,630.0, 7/5/2024
BR,VS1,K,0.08,0.14,560.0, 7/5/2024
BR,VS2,K,0.08,0.14,560.0, 7/5/2024
BR,SI1,K,0.08,0.14,500.0, 7/5/2024
BR,SI2,K,0.08,0.14,450.0, 7/5/2024
BR,SI3,K,0.08,0.14,400.0, 7/5/2024
BR,I1,K,0.08,0.14,340.0, 7/5/2024
BR,I2,K,0.08,0.14,280.0, 7/5/2024
BR,I3,K,0.08,0.14,230.0, 7/5/2024
BR,IF,L,0.08,0.14,630.0, 7/5/2024
BR,VVS1,L,0.08,0.14,630.0, 7/5/2024
BR,VVS2,L,0.08,0.14,630.0, 7/5/2024
BR,VS1,L,0.08,0.14,560.0, 7/5/2024
BR,VS2,L,0.08,0.14,560.0, 7/5/2024
BR,SI1,L,0.08,0.14,500.0, 7/5/2024
BR,SI2,L,0.08,0.14,450.0, 7/5/2024
BR,SI3,L,0.08,0.14,400.0, 7/5/2024
BR,I1,L,0.08,0.14,340.0, 7/5/2024
BR,I2,L,0.08,0.14,280.0, 7/5/2024
BR,I3,L,0.08,0.14,230.0, 7/5/2024
BR,IF,M,0.08,0.14,410.0, 7/5/2024
BR,VVS1,M,0.08,0.14,410.0, 7/5/2024
BR,VVS2,M,0.08,0.14,410.0, 7/5/2024
BR,VS1,M,0.08,0.14,370.0, 7/5/2024
BR,VS2,M,0.08,0.14,370.0, 7/5/2024
BR,SI1,M,0.08,0.14,330.0, 7/5/2024
BR,SI2,M,0.08,0.14,290.0, 7/5/2024
BR,SI3,M,0.08,0.14,260.0, 7/5/2024
BR,I1,M,0.08,0.14,220.0, 7/5/2024
BR,I2,M,0.08,0.14,190.0, 7/5/2024
BR,I3,M,0.08,0.14,160.0, 7/5/2024
BR,IF,N,0.08,0.14,410.0, 7/5/2024
BR,VVS1,N,0.08,0.14,410.0, 7/5/2024
BR,VVS2,N,0.08,0.14,410.0, 7/5/2024
BR,VS1,N,0.08,0.14,370.0, 7/5/2024
BR,VS2,N,0.08,0.14,370.0, 7/5/2024
BR,SI1,N,0.08,0.14,330.0, 7/5/2024
BR,SI2,N,0.08,0.14,290.0, 7/5/2024
BR,SI3,N,0.08,0.14,260.0, 7/5/2024
BR,I1,N,0.08,0.14,220.0, 7/5/2024
BR,I2,N,0.08,0.14,190.0, 7/5/2024
BR,I3,N,0.08,0.14,160.0, 7/5/2024
BR,IF,D,0.15,0.17,1250.0, 7/5/2024
BR,VVS1,D,0.15,0.17,1250.0, 7/5/2024
BR,VVS2,D,0.15,0.17,1250.0, 7/5/2024
BR,VS1,D,0.15,0.17,1110.0, 7/5/2024
BR,VS2,D,0.15,0.17,1110.0, 7/5/2024
BR,SI1,D,0.15,0.17,980.0, 7/5/2024
BR,SI2,D,0.15,0.17,850.0, 7/5/2024
BR,SI3,D,0.15,0.17,760.0, 7/5/2024
BR,I1,D,0.15,0.17,640.0, 7/5/2024
BR,I2,D,0.15,0.17,520.0, 7/5/2024
BR,I3,D,0.15,0.17,440.0, 7/5/2024
BR,IF,E,0.15,0.17,1250.0, 7/5/2024
BR,VVS1,E,0.15,0.17,1250.0, 7/5/2024
BR,VVS2,E,0.15,0.17,1250.0, 7/5/2024
BR,VS1,E,0.15,0.17,1110.0, 7/5/2024
BR,VS2,E,0.15,0.17,1110.0, 7/5/2024
BR,SI1,E,0.15,0.17,980.0, 7/5/2024
BR,SI2,E,0.15,0.17,850.0, 7/5/2024
BR,SI3,E,0.15,0.17,760.0, 7/5/2024
BR,I1,E,0.15,0.17,640.0, 7/5/2024
BR,I2,E,0.15,0.17,520.0, 7/5/2024
BR,I3,E,0.15,0.17,440.0, 7/5/2024
BR,IF,F,0.15,0.17,1250.0, 7/5/2024
BR,VVS1,F,0.15,0.17,1250.0, 7/5/2024
BR,VVS2,F,0.15,0.17,1250.0, 7/5/2024
BR,VS1,F,0.15,0.17,1110.0, 7/5/2024
BR,VS2,F,0.15,0.17,1110.0, 7/5/2024
BR,SI1,F,0.15,0.17,980.0, 7/5/2024
BR,SI2,F,0.15,0.17,850.0, 7/5/2024
BR,SI3,F,0.15,0.17,760.0, 7/5/2024
BR,I1,F,0.15,0.17,640.0, 7/5/2024
BR,I2,F,0.15,0.17,520.0, 7/5/2024
BR,I3,F,0.15,0.17,440.0, 7/5/2024
BR,IF,G,0.15,0.17,1050.0, 7/5/2024
BR,VVS1,G,0.15,0.17,1050.0, 7/5/2024
BR,VVS2,G,0.15,0.17,1050.0, 7/5/2024
BR,VS1,G,0.15,0.17,960.0, 7/5/2024
BR,VS2,G,0.15,0.17,960.0, 7/5/2024
BR,SI1,G,0.15,0.17,870.0, 7/5/2024
BR,SI2,G,0.15,0.17,770.0, 7/5/2024
BR,SI3,G,0.15,0.17,680.0, 7/5/2024
BR,I1,G,0.15,0.17,570.0, 7/5/2024
BR,I2,G,0.15,0.17,470.0, 7/5/2024
BR,I3,G,0.15,0.17,400.0, 7/5/2024
BR,IF,H,0.15,0.17,1050.0, 7/5/2024
BR,VVS1,H,0.15,0.17,1050.0, 7/5/2024
BR,VVS2,H,0.15,0.17,1050.0, 7/5/2024
BR,VS1,H,0.15,0.17,960.0, 7/5/2024
BR,VS2,H,0.15,0.17,960.0, 7/5/2024
BR,SI1,H,0.15,0.17,870.0, 7/5/2024
BR,SI2,H,0.15,0.17,770.0, 7/5/2024
BR,SI3,H,0.15,0.17,680.0, 7/5/2024
BR,I1,H,0.15,0.17,570.0, 7/5/2024
BR,I2,H,0.15,0.17,470.0, 7/5/2024
BR,I3,H,0.15,0.17,400.0, 7/5/2024
BR,IF,I,0.15,0.17,920.0, 7/5/2024
BR,VVS1,I,0.15,0.17,920.0, 7/5/2024
BR,VVS2,I,0.15,0.17,920.0, 7/5/2024
BR,VS1,I,0.15,0.17,840.0, 7/5/2024
BR,VS2,I,0.15,0.17,840.0, 7/5/2024
BR,SI1,I,0.15,0.17,760.0, 7/5/2024
BR,SI2,I,0.15,0.17,670.0, 7/5/2024
BR,SI3,I,0.15,0.17,590.0, 7/5/2024
BR,I1,I,0.15,0.17,520.0, 7/5/2024
BR,I2,I,0.15,0.17,430.0, 7/5/2024
BR,I3,I,0.15,0.17,360.0, 7/5/2024
BR,IF,J,0.15,0.17,920.0, 7/5/2024
BR,VVS1,J,0.15,0.17,920.0, 7/5/2024
BR,VVS2,J,0.15,0.17,920.0, 7/5/2024
BR,VS1,J,0.15,0.17,840.0, 7/5/2024
BR,VS2,J,0.15,0.17,840.0, 7/5/2024
BR,SI1,J,0.15,0.17,760.0, 7/5/2024
BR,SI2,J,0.15,0.17,670.0, 7/5/2024
BR,SI3,J,0.15,0.17,590.0, 7/5/2024
BR,I1,J,0.15,0.17,520.0, 7/5/2024
BR,I2,J,0.15,0.17,430.0, 7/5/2024
BR,I3,J,0.15,0.17,360.0, 7/5/2024
BR,IF,K,0.15,0.17,730.0, 7/5/2024
BR,VVS1,K,0.15,0.17,730.0, 7/5/2024
BR,VVS2,K,0.15,0.17,730.0, 7/5/2024
BR,VS1,K,0.15,0.17,650.0, 7/5/2024
BR,VS2,K,0.15,0.17,650.0, 7/5/2024
BR,SI1,K,0.15,0.17,560.0, 7/5/2024
BR,SI2,K,0.15,0.17,480.0, 7/5/2024
BR,SI3,K,0.15,0.17,430.0, 7/5/2024
BR,I1,K,0.15,0.17,370.0, 7/5/2024
BR,I2,K,0.15,0.17,310.0, 7/5/2024
BR,I3,K,0.15,0.17,260.0, 7/5/2024
BR,IF,L,0.15,0.17,730.0, 7/5/2024
BR,VVS1,L,0.15,0.17,730.0, 7/5/2024
BR,VVS2,L,0.15,0.17,730.0, 7/5/2024
BR,VS1,L,0.15,0.17,650.0, 7/5/2024
BR,VS2,L,0.15,0.17,650.0, 7/5/2024
BR,SI1,L,0.15,0.17,560.0, 7/5/2024
BR,SI2,L,0.15,0.17,480.0, 7/5/2024
BR,SI3,L,0.15,0.17,430.0, 7/5/2024
BR,I1,L,0.15,0.17,370.0, 7/5/2024
BR,I2,L,0.15,0.17,310.0, 7/5/2024
BR,I3,L,0.15,0.17,260.0, 7/5/2024
BR,IF,M,0.15,0.17,500.0, 7/5/2024
BR,VVS1,M,0.15,0.17,500.0, 7/5/2024
BR,VVS2,M,0.15,0.17,500.0, 7/5/2024
BR,VS1,M,0.15,0.17,450.0, 7/5/2024
BR,VS2,M,0.15,0.17,450.0, 7/5/2024
BR,SI1,M,0.15,0.17,390.0, 7/5/2024
BR,SI2,M,0.15,0.17,350.0, 7/5/2024
BR,SI3,M,0.15,0.17,310.0, 7/5/2024
BR,I1,M,0.15,0.17,260.0, 7/5/2024
BR,I2,M,0.15,0.17,220.0, 7/5/2024
BR,I3,M,0.15,0.17,180.0, 7/5/2024
BR,IF,N,0.15,0.17,500.0, 7/5/2024
BR,VVS1,N,0.15,0.17,500.0, 7/5/2024
BR,VVS2,N,0.15,0.17,500.0, 7/5/2024
BR,VS1,N,0.15,0.17,450.0, 7/5/2024
BR,VS2,N,0.15,0.17,450.0, 7/5/2024
BR,SI1,N,0.15,0.17,390.0, 7/5/2024
BR,SI2,N,0.15,0.17,350.0, 7/5/2024
BR,SI3,N,0.15,0.17,310.0, 7/5/2024
BR,I1,N,0.15,0.17,260.0, 7/5/2024
BR,I2,N,0.15,0.17,220.0, 7/5/2024
BR,I3,N,0.15,0.17,180.0, 7/5/2024
BR,IF,D,0.18,0.22,1400.0, 7/5/2024
BR,VVS1,D,0.18,0.22,1400.0, 7/5/2024
BR,VVS2,D,0.18,0.22,1400.0, 7/5/2024
BR,VS1,D,0.18,0.22,1260.0, 7/5/2024
BR,VS2,D,0.18,0.22,1260.0, 7/5/2024
BR,SI1,D,0.18,0.22,1110.0, 7/5/2024
BR,SI2,D,0.18,0.22,960.0, 7/5/2024
BR,SI3,D,0.18,0.22,840.0, 7/5/2024
BR,I1,D,0.18,0.22,690.0, 7/5/2024
BR,I2,D,0.18,0.22,560.0, 7/5/2024
BR,I3,D,0.18,0.22,480.0, 7/5/2024
BR,IF,E,0.18,0.22,1400.0, 7/5/2024
BR,VVS1,E,0.18,0.22,1400.0, 7/5/2024
BR,VVS2,E,0.18,0.22,1400.0, 7/5/2024
BR,VS1,E,0.18,0.22,1260.0, 7/5/2024
BR,VS2,E,0.18,0.22,1260.0, 7/5/2024
BR,SI1,E,0.18,0.22,1110.0, 7/5/2024
BR,SI2,E,0.18,0.22,960.0, 7/5/2024
BR,SI3,E,0.18,0.22,840.0, 7/5/2024
BR,I1,E,0.18,0.22,690.0, 7/5/2024
BR,I2,E,0.18,0.22,560.0, 7/5/2024
BR,I3,E,0.18,0.22,480.0, 7/5/2024
BR,IF,F,0.18,0.22,1400.0, 7/5/2024
BR,VVS1,F,0.18,0.22,1400.0, 7/5/2024
BR,VVS2,F,0.18,0.22,1400.0, 7/5/2024
BR,VS1,F,0.18,0.22,1260.0, 7/5/2024
BR,VS2,F,0.18,0.22,1260.0, 7/5/2024
BR,SI1,F,0.18,0.22,1110.0, 7/5/2024
BR,SI2,F,0.18,0.22,960.0, 7/5/2024
BR,SI3,F,0.18,0.22,840.0, 7/5/2024
BR,I1,F,0.18,0.22,690.0, 7/5/2024
BR,I2,F,0.18,0.22,560.0, 7/5/2024
BR,I3,F,0.18,0.22,480.0, 7/5/2024
BR,IF,G,0.18,0.22,1250.0, 7/5/2024
BR,VVS1,G,0.18,0.22,1250.0, 7/5/2024
BR,VVS2,G,0.18,0.22,1250.0, 7/5/2024
BR,VS1,G,0.18,0.22,1120.0, 7/5/2024
BR,VS2,G,0.18,0.22,1120.0, 7/5/2024
BR,SI1,G,0.18,0.22,1000.0, 7/5/2024
BR,SI2,G,0.18,0.22,870.0, 7/5/2024
BR,SI3,G,0.18,0.22,750.0, 7/5/2024
BR,I1,G,0.18,0.22,630.0, 7/5/2024
BR,I2,G,0.18,0.22,510.0, 7/5/2024
BR,I3,G,0.18,0.22,430.0, 7/5/2024
BR,IF,H,0.18,0.22,1250.0, 7/5/2024
BR,VVS1,H,0.18,0.22,1250.0, 7/5/2024
BR,VVS2,H,0.18,0.22,1250.0, 7/5/2024
BR,VS1,H,0.18,0.22,1120.0, 7/5/2024
BR,VS2,H,0.18,0.22,1120.0, 7/5/2024
BR,SI1,H,0.18,0.22,1000.0, 7/5/2024
BR,SI2,H,0.18,0.22,870.0, 7/5/2024
BR,SI3,H,0.18,0.22,750.0, 7/5/2024
BR,I1,H,0.18,0.22,630.0, 7/5/2024
BR,I2,H,0.18,0.22,510.0, 7/5/2024
BR,I3,H,0.18,0.22,430.0, 7/5/2024
BR,IF,I,0.18,0.22,1060.0, 7/5/2024
BR,VVS1,I,0.18,0.22,1060.0, 7/5/2024
BR,VVS2,I,0.18,0.22,1060.0, 7/5/2024
BR,VS1,I,0.18,0.22,960.0, 7/5/2024
BR,VS2,I,0.18,0.22,960.0, 7/5/2024
BR,SI1,I,0.18,0.22,870.0, 7/5/2024
BR,SI2,I,0.18,0.22,760.0, 7/5/2024
BR,SI3,I,0.18,0.22,660.0, 7/5/2024
BR,I1,I,0.18,0.22,560.0, 7/5/2024
BR,I2,I,0.18,0.22,460.0, 7/5/2024
BR,I3,I,0.18,0.22,390.0, 7/5/2024
BR,IF,J,0.18,0.22,1060.0, 7/5/2024
BR,VVS1,J,0.18,0.22,1060.0, 7/5/2024
BR,VVS2,J,0.18,0.22,1060.0, 7/5/2024
BR,VS1,J,0.18,0.22,960.0, 7/5/2024
BR,VS2,J,0.18,0.22,960.0, 7/5/2024
BR,SI1,J,0.18,0.22,870.0, 7/5/2024
BR,SI2,J,0.18,0.22,760.0, 7/5/2024
BR,SI3,J,0.18,0.22,660.0, 7/5/2024
BR,I1,J,0.18,0.22,560.0, 7/5/2024
BR,I2,J,0.18,0.22,460.0, 7/5/2024
BR,I3,J,0.18,0.22,390.0, 7/5/2024
BR,IF,K,0.18,0.22,860.0, 7/5/2024
BR,VVS1,K,0.18,0.22,860.0, 7/5/2024
BR,VVS2,K,0.18,0.22,860.0, 7/5/2024
BR,VS1,K,0.18,0.22,740.0, 7/5/2024
BR,VS2,K,0.18,0.22,740.0, 7/5/2024
BR,SI1,K,0.18,0.22,650.0, 7/5/2024
BR,SI2,K,0.18,0.22,550.0, 7/5/2024
BR,SI3,K,0.18,0.22,480.0, 7/5/2024
BR,I1,K,0.18,0.22,400.0, 7/5/2024
BR,I2,K,0.18,0.22,340.0, 7/5/2024
BR,I3,K,0.18,0.22,280.0, 7/5/2024
BR,IF,L,0.18,0.22,860.0, 7/5/2024
BR,VVS1,L,0.18,0.22,860.0, 7/5/2024
BR,VVS2,L,0.18,0.22,860.0, 7/5/2024
BR,VS1,L,0.18,0.22,740.0, 7/5/2024
BR,VS2,L,0.18,0.22,740.0, 7/5/2024
BR,SI1,L,0.18,0.22,650.0, 7/5/2024
BR,SI2,L,0.18,0.22,550.0, 7/5/2024
BR,SI3,L,0.18,0.22,480.0, 7/5/2024
BR,I1,L,0.18,0.22,400.0, 7/5/2024
BR,I2,L,0.18,0.22,340.0, 7/5/2024
BR,I3,L,0.18,0.22,280.0, 7/5/2024
BR,IF,M,0.18,0.22,660.0, 7/5/2024
BR,VVS1,M,0.18,0.22,660.0, 7/5/2024
BR,VVS2,M,0.18,0.22,660.0, 7/5/2024
BR,VS1,M,0.18,0.22,560.0, 7/5/2024
BR,VS2,M,0.18,0.22,560.0, 7/5/2024
BR,SI1,M,0.18,0.22,480.0, 7/5/2024
BR,SI2,M,0.18,0.22,410.0, 7/5/2024
BR,SI3,M,0.18,0.22,360.0, 7/5/2024
BR,I1,M,0.18,0.22,290.0, 7/5/2024
BR,I2,M,0.18,0.22,240.0, 7/5/2024
BR,I3,M,0.18,0.22,200.0, 7/5/2024
BR,IF,N,0.18,0.22,660.0, 7/5/2024
BR,VVS1,N,0.18,0.22,660.0, 7/5/2024
BR,VVS2,N,0.18,0.22,660.0, 7/5/2024
BR,VS1,N,0.18,0.22,560.0, 7/5/2024
BR,VS2,N,0.18,0.22,560.0, 7/5/2024
BR,SI1,N,0.18,0.22,480.0, 7/5/2024
BR,SI2,N,0.18,0.22,410.0, 7/5/2024
BR,SI3,N,0.18,0.22,360.0, 7/5/2024
BR,I1,N,0.18,0.22,290.0, 7/5/2024
BR,I2,N,0.18,0.22,240.0, 7/5/2024
BR,I3,N,0.18,0.22,200.0, 7/5/2024
BR,IF,D,0.23,0.29,1650.0, 7/5/2024
BR,VVS1,D,0.23,0.29,1650.0, 7/5/2024
BR,VVS2,D,0.23,0.29,1650.0, 7/5/2024
BR,VS1,D,0.23,0.29,1500.0, 7/5/2024
BR,VS2,D,0.23,0.29,1500.0, 7/5/2024
BR,SI1,D,0.23,0.29,1300.0, 7/5/2024
BR,SI2,D,0.23,0.29,1090.0, 7/5/2024
BR,SI3,D,0.23,0.29,940.0, 7/5/2024
BR,I1,D,0.23,0.29,760.0, 7/5/2024
BR,I2,D,0.23,0.29,600.0, 7/5/2024
BR,I3,D,0.23,0.29,510.0, 7/5/2024
BR,IF,E,0.23,0.29,1650.0, 7/5/2024
BR,VVS1,E,0.23,0.29,1650.0, 7/5/2024
BR,VVS2,E,0.23,0.29,1650.0, 7/5/2024
BR,VS1,E,0.23,0.29,1500.0, 7/5/2024
BR,VS2,E,0.23,0.29,1500.0, 7/5/2024
BR,SI1,E,0.23,0.29,1300.0, 7/5/2024
BR,SI2,E,0.23,0.29,1090.0, 7/5/2024
BR,SI3,E,0.23,0.29,940.0, 7/5/2024
BR,I1,E,0.23,0.29,760.0, 7/5/2024
BR,I2,E,0.23,0.29,600.0, 7/5/2024
BR,I3,E,0.23,0.29,510.0, 7/5/2024
BR,IF,F,0.23,0.29,1650.0, 7/5/2024
BR,VVS1,F,0.23,0.29,1650.0, 7/5/2024
BR,VVS2,F,0.23,0.29,1650.0, 7/5/2024
BR,VS1,F,0.23,0.29,1500.0, 7/5/2024
BR,VS2,F,0.23,0.29,1500.0, 7/5/2024
BR,SI1,F,0.23,0.29,1300.0, 7/5/2024
BR,SI2,F,0.23,0.29,1090.0, 7/5/2024
BR,SI3,F,0.23,0.29,940.0, 7/5/2024
BR,I1,F,0.23,0.29,760.0, 7/5/2024
BR,I2,F,0.23,0.29,600.0, 7/5/2024
BR,I3,F,0.23,0.29,510.0, 7/5/2024
BR,IF,G,0.23,0.29,1450.0, 7/5/2024
BR,VVS1,G,0.23,0.29,1450.0, 7/5/2024
BR,VVS2,G,0.23,0.29,1450.0, 7/5/2024
BR,VS1,G,0.23,0.29,1310.0, 7/5/2024
BR,VS2,G,0.23,0.29,1310.0, 7/5/2024
BR,SI1,G,0.23,0.29,1150.0, 7/5/2024
BR,SI2,G,0.23,0.29,970.0, 7/5/2024
BR,SI3,G,0.23,0.29,830.0, 7/5/2024
BR,I1,G,0.23,0.29,690.0, 7/5/2024
BR,I2,G,0.23,0.29,550.0, 7/5/2024
BR,I3,G,0.23,0.29,460.0, 7/5/2024
BR,IF,H,0.23,0.29,1450.0, 7/5/2024
BR,VVS1,H,0.23,0.29,1450.0, 7/5/2024
BR,VVS2,H,0.23,0.29,1450.0, 7/5/2024
BR,VS1,H,0.23,0.29,1310.0, 7/5/2024
BR,VS2,H,0.23,0.29,1310.0, 7/5/2024
BR,SI1,H,0.23,0.29,1150.0, 7/5/2024
BR,SI2,H,0.23,0.29,970.0, 7/5/2024
BR,SI3,H,0.23,0.29,830.0, 7/5/2024
BR,I1,H,0.23,0.29,690.0, 7/5/2024
BR,I2,H,0.23,0.29,550.0, 7/5/2024
BR,I3,H,0.23,0.29,460.0, 7/5/2024
BR,IF,I,0.23,0.29,1190.0, 7/5/2024
BR,VVS1,I,0.23,0.29,1190.0, 7/5/2024
BR,VVS2,I,0.23,0.29,1190.0, 7/5/2024
BR,VS1,I,0.23,0.29,1080.0, 7/5/2024
BR,VS2,I,0.23,0.29,1080.0, 7/5/2024
BR,SI1,I,0.23,0.29,990.0, 7/5/2024
BR,SI2,I,0.23,0.29,840.0, 7/5/2024
BR,SI3,I,0.23,0.29,730.0, 7/5/2024
BR,I1,I,0.23,0.29,600.0, 7/5/2024
BR,I2,I,0.23,0.29,500.0, 7/5/2024
BR,I3,I,0.23,0.29,420.0, 7/5/2024
BR,IF,J,0.23,0.29,1190.0, 7/5/2024
BR,VVS1,J,0.23,0.29,1190.0, 7/5/2024
BR,VVS2,J,0.23,0.29,1190.0, 7/5/2024
BR,VS1,J,0.23,0.29,1080.0, 7/5/2024
BR,VS2,J,0.23,0.29,1080.0, 7/5/2024
BR,SI1,J,0.23,0.29,990.0, 7/5/2024
BR,SI2,J,0.23,0.29,840.0, 7/5/2024
BR,SI3,J,0.23,0.29,730.0, 7/5/2024
BR,I1,J,0.23,0.29,600.0, 7/5/2024
BR,I2,J,0.23,0.29,500.0, 7/5/2024
BR,I3,J,0.23,0.29,420.0, 7/5/2024
BR,IF,K,0.23,0.29,970.0, 7/5/2024
BR,VVS1,K,0.23,0.29,970.0, 7/5/2024
BR,VVS2,K,0.23,0.29,970.0, 7/5/2024
BR,VS1,K,0.23,0.29,840.0, 7/5/2024
BR,VS2,K,0.23,0.29,840.0, 7/5/2024
BR,SI1,K,0.23,0.29,740.0, 7/5/2024
BR,SI2,K,0.23,0.29,640.0, 7/5/2024
BR,SI3,K,0.23,0.29,570.0, 7/5/2024
BR,I1,K,0.23,0.29,460.0, 7/5/2024
BR,I2,K,0.23,0.29,370.0, 7/5/2024
BR,I3,K,0.23,0.29,300.0, 7/5/2024
BR,IF,L,0.23,0.29,970.0, 7/5/2024
BR,VVS1,L,0.23,0.29,970.0, 7/5/2024
BR,VVS2,L,0.23,0.29,970.0, 7/5/2024
BR,VS1,L,0.23,0.29,840.0, 7/5/2024
BR,VS2,L,0.23,0.29,840.0, 7/5/2024
BR,SI1,L,0.23,0.29,740.0, 7/5/2024
BR,SI2,L,0.23,0.29,640.0, 7/5/2024
BR,SI3,L,0.23,0.29,570.0, 7/5/2024
BR,I1,L,0.23,0.29,460.0, 7/5/2024
BR,I2,L,0.23,0.29,370.0, 7/5/2024
BR,I3,L,0.23,0.29,300.0, 7/5/2024
BR,IF,M,0.23,0.29,820.0, 7/5/2024
BR,VVS1,M,0.23,0.29,820.0, 7/5/2024
BR,VVS2,M,0.23,0.29,820.0, 7/5/2024
BR,VS1,M,0.23,0.29,700.0, 7/5/2024
BR,VS2,M,0.23,0.29,700.0, 7/5/2024
BR,SI1,M,0.23,0.29,590.0, 7/5/2024
BR,SI2,M,0.23,0.29,510.0, 7/5/2024
BR,SI3,M,0.23,0.29,460.0, 7/5/2024
BR,I1,M,0.23,0.29,360.0, 7/5/2024
BR,I2,M,0.23,0.29,280.0, 7/5/2024
BR,I3,M,0.23,0.29,220.0, 7/5/2024
BR,IF,N,0.23,0.29,820.0, 7/5/2024
BR,VVS1,N,0.23,0.29,820.0, 7/5/2024
BR,VVS2,N,0.23,0.29,820.0, 7/5/2024
BR,VS1,N,0.23,0.29,700.0, 7/5/2024
BR,VS2,N,0.23,0.29,700.0, 7/5/2024
BR,SI1,N,0.23,0.29,590.0, 7/5/2024
BR,SI2,N,0.23,0.29,510.0, 7/5/2024
BR,SI3,N,0.23,0.29,460.0, 7/5/2024
BR,I1,N,0.23,0.29,360.0, 7/5/2024
BR,I2,N,0.23,0.29,280.0, 7/5/2024
BR,I3,N,0.23,0.29,220.0, 7/5/2024
BR,IF,D,0.30,0.39,3000, 7/5/2024
BR,VVS1,D,0.30,0.39,2600, 7/5/2024
BR,VVS2,D,0.30,0.39,2400, 7/5/2024
BR,VS1,D,0.30,0.39,2200, 7/5/2024
BR,VS2,D,0.30,0.39,2000, 7/5/2024
BR,SI1,D,0.30,0.39,1900, 7/5/2024
BR,SI2,D,0.30,0.39,1700, 7/5/2024
BR,SI3,D,0.30,0.39,1500, 7/5/2024
BR,I1,D,0.30,0.39,1300, 7/5/2024
BR,I2,D,0.30,0.39,1100, 7/5/2024
BR,I3,D,0.30,0.39,700, 7/5/2024
BR,IF,E,0.30,0.39,2700, 7/5/2024
BR,VVS1,E,0.30,0.39,2400, 7/5/2024
BR,VVS2,E,0.30,0.39,2200, 7/5/2024
BR,VS1,E,0.30,0.39,2000, 7/5/2024
BR,VS2,E,0.30,0.39,1900, 7/5/2024
BR,SI1,E,0.30,0.39,1800, 7/5/2024
BR,SI2,E,0.30,0.39,1600, 7/5/2024
BR,SI3,E,0.30,0.39,1400, 7/5/2024
BR,I1,E,0.30,0.39,1200, 7/5/2024
BR,I2,E,0.30,0.39,1000, 7/5/2024
BR,I3,E,0.30,0.39,600, 7/5/2024
BR,IF,F,0.30,0.39,2400, 7/5/2024
BR,VVS1,F,0.30,0.39,2200, 7/5/2024
BR,VVS2,F,0.30,0.39,2000, 7/5/2024
BR,VS1,F,0.30,0.39,1900, 7/5/2024
BR,VS2,F,0.30,0.39,1800, 7/5/2024
BR,SI1,F,0.30,0.39,1700, 7/5/2024
BR,SI2,F,0.30,0.39,1500, 7/5/2024
BR,SI3,F,0.30,0.39,1300, 7/5/2024
BR,I1,F,0.30,0.39,1100, 7/5/2024
BR,I2,F,0.30,0.39,1000, 7/5/2024
BR,I3,F,0.30,0.39,600, 7/5/2024
BR,IF,G,0.30,0.39,2200, 7/5/2024
BR,VVS1,G,0.30,0.39,2000, 7/5/2024
BR,VVS2,G,0.30,0.39,1900, 7/5/2024
BR,VS1,G,0.30,0.39,1800, 7/5/2024
BR,VS2,G,0.30,0.39,1700, 7/5/2024
BR,SI1,G,0.30,0.39,1600, 7/5/2024
BR,SI2,G,0.30,0.39,1400, 7/5/2024
BR,SI3,G,0.30,0.39,1200, 7/5/2024
BR,I1,G,0.30,0.39,1000, 7/5/2024
BR,I2,G,0.30,0.39,900, 7/5/2024
BR,I3,G,0.30,0.39,500, 7/5/2024
BR,IF,H,0.30,0.39,2000, 7/5/2024
BR,VVS1,H,0.30,0.39,1900, 7/5/2024
BR,VVS2,H,0.30,0.39,1800, 7/5/2024
BR,VS1,H,0.30,0.39,1700, 7/5/2024
BR,VS2,H,0.30,0.39,1600, 7/5/2024
BR,SI1,H,0.30,0.39,1500, 7/5/2024
BR,SI2,H,0.30,0.39,1300, 7/5/2024
BR,SI3,H,0.30,0.39,1100, 7/5/2024
BR,I1,H,0.30,0.39,1000, 7/5/2024
BR,I2,H,0.30,0.39,800, 7/5/2024
BR,I3,H,0.30,0.39,500, 7/5/2024
BR,IF,I,0.30,0.39,1700, 7/5/2024
BR,VVS1,I,0.30,0.39,1600, 7/5/2024
BR,VVS2,I,0.30,0.39,1500, 7/5/2024
BR,VS1,I,0.30,0.39,1500, 7/5/2024
BR,VS2,I,0.30,0.39,1400, 7/5/2024
BR,SI1,I,0.30,0.39,1300, 7/5/2024
BR,SI2,I,0.30,0.39,1100, 7/5/2024
BR,SI3,I,0.30,0.39,1000, 7/5/2024
BR,I1,I,0.30,0.39,900, 7/5/2024
BR,I2,I,0.30,0.39,700, 7/5/2024
BR,I3,I,0.30,0.39,500, 7/5/2024
BR,IF,J,0.30,0.39,1500, 7/5/2024
BR,VVS1,J,0.30,0.39,1400, 7/5/2024
BR,VVS2,J,0.30,0.39,1300, 7/5/2024
BR,VS1,J,0.30,0.39,1300, 7/5/2024
BR,VS2,J,0.30,0.39,1200, 7/5/2024
BR,SI1,J,0.30,0.39,1100, 7/5/2024
BR,SI2,J,0.30,0.39,1000, 7/5/2024
BR,SI3,J,0.30,0.39,900, 7/5/2024
BR,I1,J,0.30,0.39,800, 7/5/2024
BR,I2,J,0.30,0.39,700, 7/5/2024
BR,I3,J,0.30,0.39,400, 7/5/2024
BR,IF,K,0.30,0.39,1400, 7/5/2024
BR,VVS1,K,0.30,0.39,1300, 7/5/2024
BR,VVS2,K,0.30,0.39,1200, 7/5/2024
BR,VS1,K,0.30,0.39,1100, 7/5/2024
BR,VS2,K,0.30,0.39,1100, 7/5/2024
BR,SI1,K,0.30,0.39,1000, 7/5/2024
BR,SI2,K,0.30,0.39,900, 7/5/2024
BR,SI3,K,0.30,0.39,800, 7/5/2024
BR,I1,K,0.30,0.39,700, 7/5/2024
BR,I2,K,0.30,0.39,600, 7/5/2024
BR,I3,K,0.30,0.39,400, 7/5/2024
BR,IF,L,0.30,0.39,1300, 7/5/2024
BR,VVS1,L,0.30,0.39,1200, 7/5/2024
BR,VVS2,L,0.30,0.39,1100, 7/5/2024
BR,VS1,L,0.30,0.39,1000, 7/5/2024
BR,VS2,L,0.30,0.39,1000, 7/5/2024
BR,SI1,L,0.30,0.39,900, 7/5/2024
BR,SI2,L,0.30,0.39,800, 7/5/2024
BR,SI3,L,0.30,0.39,700, 7/5/2024
BR,I1,L,0.30,0.39,600, 7/5/2024
BR,I2,L,0.30,0.39,500, 7/5/2024
BR,I3,L,0.30,0.39,300, 7/5/2024
BR,IF,M,0.30,0.39,1100, 7/5/2024
BR,VVS1,M,0.30,0.39,1000, 7/5/2024
BR,VVS2,M,0.30,0.39,900, 7/5/2024
BR,VS1,M,0.30,0.39,900, 7/5/2024
BR,VS2,M,0.30,0.39,900, 7/5/2024
BR,SI1,M,0.30,0.39,800, 7/5/2024
BR,SI2,M,0.30,0.39,700, 7/5/2024
BR,SI3,M,0.30,0.39,600, 7/5/2024
BR,I1,M,0.30,0.39,500, 7/5/2024
BR,I2,M,0.30,0.39,400, 7/5/2024
BR,I3,M,0.30,0.39,300, 7/5/2024
BR,IF,D,0.40,0.49,3600, 7/5/2024
BR,VVS1,D,0.40,0.49,2900, 7/5/2024
BR,VVS2,D,0.40,0.49,2700, 7/5/2024
BR,VS1,D,0.40,0.49,2500, 7/5/2024
BR,VS2,D,0.40,0.49,2300, 7/5/2024
BR,SI1,D,0.40,0.49,2200, 7/5/2024
BR,SI2,D,0.40,0.49,1900, 7/5/2024
BR,SI3,D,0.40,0.49,1700, 7/5/2024
BR,I1,D,0.40,0.49,1500, 7/5/2024
BR,I2,D,0.40,0.49,1200, 7/5/2024
BR,I3,D,0.40,0.49,800, 7/5/2024
BR,IF,E,0.40,0.49,3000, 7/5/2024
BR,VVS1,E,0.40,0.49,2700, 7/5/2024
BR,VVS2,E,0.40,0.49,2500, 7/5/2024
BR,VS1,E,0.40,0.49,2300, 7/5/2024
BR,VS2,E,0.40,0.49,2200, 7/5/2024
BR,SI1,E,0.40,0.49,2100, 7/5/2024
BR,SI2,E,0.40,0.49,1800, 7/5/2024
BR,SI3,E,0.40,0.49,1600, 7/5/2024
BR,I1,E,0.40,0.49,1400, 7/5/2024
BR,I2,E,0.40,0.49,1100, 7/5/2024
BR,I3,E,0.40,0.49,700, 7/5/2024
BR,IF,F,0.40,0.49,2700, 7/5/2024
BR,VVS1,F,0.40,0.49,2500, 7/5/2024
BR,VVS2,F,0.40,0.49,2300, 7/5/2024
BR,VS1,F,0.40,0.49,2200, 7/5/2024
BR,VS2,F,0.40,0.49,2100, 7/5/2024
BR,SI1,F,0.40,0.49,2000, 7/5/2024
BR,SI2,F,0.40,0.49,1700, 7/5/2024
BR,SI3,F,0.40,0.49,1500, 7/5/2024
BR,I1,F,0.40,0.49,1300, 7/5/2024
BR,I2,F,0.40,0.49,1100, 7/5/2024
BR,I3,F,0.40,0.49,700, 7/5/2024
BR,IF,G,0.40,0.49,2500, 7/5/2024
BR,VVS1,G,0.40,0.49,2300, 7/5/2024
BR,VVS2,G,0.40,0.49,2200, 7/5/2024
BR,VS1,G,0.40,0.49,2100, 7/5/2024
BR,VS2,G,0.40,0.49,2000, 7/5/2024
BR,SI1,G,0.40,0.49,1900, 7/5/2024
BR,SI2,G,0.40,0.49,1600, 7/5/2024
BR,SI3,G,0.40,0.49,1400, 7/5/2024
BR,I1,G,0.40,0.49,1200, 7/5/2024
BR,I2,G,0.40,0.49,1000, 7/5/2024
BR,I3,G,0.40,0.49,600, 7/5/2024
BR,IF,H,0.40,0.49,2300, 7/5/2024
BR,VVS1,H,0.40,0.49,2100, 7/5/2024
BR,VVS2,H,0.40,0.49,2000, 7/5/2024
BR,VS1,H,0.40,0.49,1900, 7/5/2024
BR,VS2,H,0.40,0.49,1800, 7/5/2024
BR,SI1,H,0.40,0.49,1700, 7/5/2024
BR,SI2,H,0.40,0.49,1500, 7/5/2024
BR,SI3,H,0.40,0.49,1300, 7/5/2024
BR,I1,H,0.40,0.49,1200, 7/5/2024
BR,I2,H,0.40,0.49,900, 7/5/2024
BR,I3,H,0.40,0.49,600, 7/5/2024
BR,IF,I,0.40,0.49,2100, 7/5/2024
BR,VVS1,I,0.40,0.49,2000, 7/5/2024
BR,VVS2,I,0.40,0.49,1900, 7/5/2024
BR,VS1,I,0.40,0.49,1800, 7/5/2024
BR,VS2,I,0.40,0.49,1700, 7/5/2024
BR,SI1,I,0.40,0.49,1500, 7/5/2024
BR,SI2,I,0.40,0.49,1300, 7/5/2024
BR,SI3,I,0.40,0.49,1200, 7/5/2024
BR,I1,I,0.40,0.49,1100, 7/5/2024
BR,I2,I,0.40,0.49,800, 7/5/2024
BR,I3,I,0.40,0.49,600, 7/5/2024
BR,IF,J,0.40,0.49,1800, 7/5/2024
BR,VVS1,J,0.40,0.49,1700, 7/5/2024
BR,VVS2,J,0.40,0.49,1600, 7/5/2024
BR,VS1,J,0.40,0.49,1500, 7/5/2024
BR,VS2,J,0.40,0.49,1500, 7/5/2024
BR,SI1,J,0.40,0.49,1400, 7/5/2024
BR,SI2,J,0.40,0.49,1200, 7/5/2024
BR,SI3,J,0.40,0.49,1100, 7/5/2024
BR,I1,J,0.40,0.49,1000, 7/5/2024
BR,I2,J,0.40,0.49,800, 7/5/2024
BR,I3,J,0.40,0.49,500, 7/5/2024
BR,IF,K,0.40,0.49,1600, 7/5/2024
BR,VVS1,K,0.40,0.49,1500, 7/5/2024
BR,VVS2,K,0.40,0.49,1400, 7/5/2024
BR,VS1,K,0.40,0.49,1300, 7/5/2024
BR,VS2,K,0.40,0.49,1300, 7/5/2024
BR,SI1,K,0.40,0.49,1200, 7/5/2024
BR,SI2,K,0.40,0.49,1100, 7/5/2024
BR,SI3,K,0.40,0.49,1000, 7/5/2024
BR,I1,K,0.40,0.49,900, 7/5/2024
BR,I2,K,0.40,0.49,700, 7/5/2024
BR,I3,K,0.40,0.49,500, 7/5/2024
BR,IF,L,0.40,0.49,1500, 7/5/2024
BR,VVS1,L,0.40,0.49,1400, 7/5/2024
BR,VVS2,L,0.40,0.49,1300, 7/5/2024
BR,VS1,L,0.40,0.49,1200, 7/5/2024
BR,VS2,L,0.40,0.49,1200, 7/5/2024
BR,SI1,L,0.40,0.49,1100, 7/5/2024
BR,SI2,L,0.40,0.49,1000, 7/5/2024
BR,SI3,L,0.40,0.49,900, 7/5/2024
BR,I1,L,0.40,0.49,800, 7/5/2024
BR,I2,L,0.40,0.49,600, 7/5/2024
BR,I3,L,0.40,0.49,400, 7/5/2024
BR,IF,M,0.40,0.49,1400, 7/5/2024
BR,VVS1,M,0.40,0.49,1300, 7/5/2024
BR,VVS2,M,0.40,0.49,1200, 7/5/2024
BR,VS1,M,0.40,0.49,1100, 7/5/2024
BR,VS2,M,0.40,0.49,1100, 7/5/2024
BR,SI1,M,0.40,0.49,1000, 7/5/2024
BR,SI2,M,0.40,0.49,900, 7/5/2024
BR,SI3,M,0.40,0.49,800, 7/5/2024
BR,I1,M,0.40,0.49,700, 7/5/2024
BR,I2,M,0.40,0.49,500, 7/5/2024
BR,I3,M,0.40,0.49,400, 7/5/2024
BR,IF,D,0.50,0.69,5600, 7/5/2024
BR,VVS1,D,0.50,0.69,4700, 7/5/2024
BR,VVS2,D,0.50,0.69,3800, 7/5/2024
BR,VS1,D,0.50,0.69,3400, 7/5/2024
BR,VS2,D,0.50,0.69,3100, 7/5/2024
BR,SI1,D,0.50,0.69,2700, 7/5/2024
BR,SI2,D,0.50,0.69,2200, 7/5/2024
BR,SI3,D,0.50,0.69,1900, 7/5/2024
BR,I1,D,0.50,0.69,1700, 7/5/2024
BR,I2,D,0.50,0.69,1400, 7/5/2024
BR,I3,D,0.50,0.69,1100, 7/5/2024
BR,IF,E,0.50,0.69,4600, 7/5/2024
BR,VVS1,E,0.50,0.69,4300, 7/5/2024
BR,VVS2,E,0.50,0.69,3500, 7/5/2024
BR,VS1,E,0.50,0.69,3200, 7/5/2024
BR,VS2,E,0.50,0.69,2900, 7/5/2024
BR,SI1,E,0.50,0.69,2500, 7/5/2024
BR,SI2,E,0.50,0.69,2100, 7/5/2024
BR,SI3,E,0.50,0.69,1800, 7/5/2024
BR,I1,E,0.50,0.69,1600, 7/5/2024
BR,I2,E,0.50,0.69,1300, 7/5/2024
BR,I3,E,0.50,0.69,1000, 7/5/2024
BR,IF,F,0.50,0.69,4100, 7/5/2024
BR,VVS1,F,0.50,0.69,3800, 7/5/2024
BR,VVS2,F,0.50,0.69,3200, 7/5/2024
BR,VS1,F,0.50,0.69,2900, 7/5/2024
BR,VS2,F,0.50,0.69,2700, 7/5/2024
BR,SI1,F,0.50,0.69,2400, 7/5/2024
BR,SI2,F,0.50,0.69,2000, 7/5/2024
BR,SI3,F,0.50,0.69,1700, 7/5/2024
BR,I1,F,0.50,0.69,1500, 7/5/2024
BR,I2,F,0.50,0.69,1200, 7/5/2024
BR,I3,F,0.50,0.69,1000, 7/5/2024
BR,IF,G,0.50,0.69,3500, 7/5/2024
BR,VVS1,G,0.50,0.69,3200, 7/5/2024
BR,VVS2,G,0.50,0.69,2900, 7/5/2024
BR,VS1,G,0.50,0.69,2700, 7/5/2024
BR,VS2,G,0.50,0.69,2500, 7/5/2024
BR,SI1,G,0.50,0.69,2300, 7/5/2024
BR,SI2,G,0.50,0.69,1900, 7/5/2024
BR,SI3,G,0.50,0.69,1600, 7/5/2024
BR,I1,G,0.50,0.69,1400, 7/5/2024
BR,I2,G,0.50,0.69,1100, 7/5/2024
BR,I3,G,0.50,0.69,900, 7/5/2024
BR,IF,H,0.50,0.69,2900, 7/5/2024
BR,VVS1,H,0.50,0.69,2700, 7/5/2024
BR,VVS2,H,0.50,0.69,2600, 7/5/2024
BR,VS1,H,0.50,0.69,2500, 7/5/2024
BR,VS2,H,0.50,0.69,2300, 7/5/2024
BR,SI1,H,0.50,0.69,2100, 7/5/2024
BR,SI2,H,0.50,0.69,1800, 7/5/2024
BR,SI3,H,0.50,0.69,1500, 7/5/2024
BR,I1,H,0.50,0.69,1300, 7/5/2024
BR,I2,H,0.50,0.69,1100, 7/5/2024
BR,I3,H,0.50,0.69,800, 7/5/2024
BR,IF,I,0.50,0.69,2500, 7/5/2024
BR,VVS1,I,0.50,0.69,2300, 7/5/2024
BR,VVS2,I,0.50,0.69,2200, 7/5/2024
BR,VS1,I,0.50,0.69,2100, 7/5/2024
BR,VS2,I,0.50,0.69,2000, 7/5/2024
BR,SI1,I,0.50,0.69,1800, 7/5/2024
BR,SI2,I,0.50,0.69,1600, 7/5/2024
BR,SI3,I,0.50,0.69,1400, 7/5/2024
BR,I1,I,0.50,0.69,1300, 7/5/2024
BR,I2,I,0.50,0.69,1000, 7/5/2024
BR,I3,I,0.50,0.69,800, 7/5/2024
BR,IF,J,0.50,0.69,2100, 7/5/2024
BR,VVS1,J,0.50,0.69,2000, 7/5/2024
BR,VVS2,J,0.50,0.69,1900, 7/5/2024
BR,VS1,J,0.50,0.69,1800, 7/5/2024
BR,VS2,J,0.50,0.69,1700, 7/5/2024
BR,SI1,J,0.50,0.69,1500, 7/5/2024
BR,SI2,J,0.50,0.69,1400, 7/5/2024
BR,SI3,J,0.50,0.69,1300, 7/5/2024
BR,I1,J,0.50,0.69,1200, 7/5/2024
BR,I2,J,0.50,0.69,1000, 7/5/2024
BR,I3,J,0.50,0.69,700, 7/5/2024
BR,IF,K,0.50,0.69,1800, 7/5/2024
BR,VVS1,K,0.50,0.69,1700, 7/5/2024
BR,VVS2,K,0.50,0.69,1600, 7/5/2024
BR,VS1,K,0.50,0.69,1500, 7/5/2024
BR,VS2,K,0.50,0.69,1400, 7/5/2024
BR,SI1,K,0.50,0.69,1300, 7/5/2024
BR,SI2,K,0.50,0.69,1200, 7/5/2024
BR,SI3,K,0.50,0.69,1200, 7/5/2024
BR,I1,K,0.50,0.69,1100, 7/5/2024
BR,I2,K,0.50,0.69,900, 7/5/2024
BR,I3,K,0.50,0.69,700, 7/5/2024
BR,IF,L,0.50,0.69,1700, 7/5/2024
BR,VVS1,L,0.50,0.69,1600, 7/5/2024
BR,VVS2,L,0.50,0.69,1500, 7/5/2024
BR,VS1,L,0.50,0.69,1400, 7/5/2024
BR,VS2,L,0.50,0.69,1300, 7/5/2024
BR,SI1,L,0.50,0.69,1200, 7/5/2024
BR,SI2,L,0.50,0.69,1100, 7/5/2024
BR,SI3,L,0.50,0.69,1100, 7/5/2024
BR,I1,L,0.50,0.69,1000, 7/5/2024
BR,I2,L,0.50,0.69,800, 7/5/2024
BR,I3,L,0.50,0.69,600, 7/5/2024
BR,IF,M,0.50,0.69,1600, 7/5/2024
BR,VVS1,M,0.50,0.69,1500, 7/5/2024
BR,VVS2,M,0.50,0.69,1400, 7/5/2024
BR,VS1,M,0.50,0.69,1300, 7/5/2024
BR,VS2,M,0.50,0.69,1200, 7/5/2024
BR,SI1,M,0.50,0.69,1100, 7/5/2024
BR,SI2,M,0.50,0.69,1000, 7/5/2024
BR,SI3,M,0.50,0.69,1000, 7/5/2024
BR,I1,M,0.50,0.69,900, 7/5/2024
BR,I2,M,0.50,0.69,700, 7/5/2024
BR,I3,M,0.50,0.69,500, 7/5/2024
BR,IF,D,0.70,0.89,7600, 7/5/2024
BR,VVS1,D,0.70,0.89,6100, 7/5/2024
BR,VVS2,D,0.70,0.89,5200, 7/5/2024
BR,VS1,D,0.70,0.89,4700, 7/5/2024
BR,VS2,D,0.70,0.89,4100, 7/5/2024
BR,SI1,D,0.70,0.89,3500, 7/5/2024
BR,SI2,D,0.70,0.89,3000, 7/5/2024
BR,SI3,D,0.70,0.89,2800, 7/5/2024
BR,I1,D,0.70,0.89,2500, 7/5/2024
BR,I2,D,0.70,0.89,1900, 7/5/2024
BR,I3,D,0.70,0.89,1200, 7/5/2024
BR,IF,E,0.70,0.89,6200, 7/5/2024
BR,VVS1,E,0.70,0.89,5700, 7/5/2024
BR,VVS2,E,0.70,0.89,4900, 7/5/2024
BR,VS1,E,0.70,0.89,4400, 7/5/2024
BR,VS2,E,0.70,0.89,3800, 7/5/2024
BR,SI1,E,0.70,0.89,3200, 7/5/2024
BR,SI2,E,0.70,0.89,2800, 7/5/2024
BR,SI3,E,0.70,0.89,2600, 7/5/2024
BR,I1,E,0.70,0.89,2300, 7/5/2024
BR,I2,E,0.70,0.89,1800, 7/5/2024
BR,I3,E,0.70,0.89,1100, 7/5/2024
BR,IF,F,0.70,0.89,5700, 7/5/2024
BR,VVS1,F,0.70,0.89,5300, 7/5/2024
BR,VVS2,F,0.70,0.89,4600, 7/5/2024
BR,VS1,F,0.70,0.89,4100, 7/5/2024
BR,VS2,F,0.70,0.89,3600, 7/5/2024
BR,SI1,F,0.70,0.89,3000, 7/5/2024
BR,SI2,F,0.70,0.89,2600, 7/5/2024
BR,SI3,F,0.70,0.89,2400, 7/5/2024
BR,I1,F,0.70,0.89,2100, 7/5/2024
BR,I2,F,0.70,0.89,1700, 7/5/2024
BR,I3,F,0.70,0.89,1100, 7/5/2024
BR,IF,G,0.70,0.89,4700, 7/5/2024
BR,VVS1,G,0.70,0.89,4400, 7/5/2024
BR,VVS2,G,0.70,0.89,4100, 7/5/2024
BR,VS1,G,0.70,0.89,3800, 7/5/2024
BR,VS2,G,0.70,0.89,3400, 7/5/2024
BR,SI1,G,0.70,0.89,2800, 7/5/2024
BR,SI2,G,0.70,0.89,2500, 7/5/2024
BR,SI3,G,0.70,0.89,2300, 7/5/2024
BR,I1,G,0.70,0.89,2000, 7/5/2024
BR,I2,G,0.70,0.89,1600, 7/5/2024
BR,I3,G,0.70,0.89,1000, 7/5/2024
BR,IF,H,0.70,0.89,4000, 7/5/2024
BR,VVS1,H,0.70,0.89,3700, 7/5/2024
BR,VVS2,H,0.70,0.89,3400, 7/5/2024
BR,VS1,H,0.70,0.89,3200, 7/5/2024
BR,VS2,H,0.70,0.89,3000, 7/5/2024
BR,SI1,H,0.70,0.89,2600, 7/5/2024
BR,SI2,H,0.70,0.89,2300, 7/5/2024
BR,SI3,H,0.70,0.89,2100, 7/5/2024
BR,I1,H,0.70,0.89,1900, 7/5/2024
BR,I2,H,0.70,0.89,1500, 7/5/2024
BR,I3,H,0.70,0.89,900, 7/5/2024
BR,IF,I,0.70,0.89,3500, 7/5/2024
BR,VVS1,I,0.70,0.89,3200, 7/5/2024
BR,VVS2,I,0.70,0.89,3000, 7/5/2024
BR,VS1,I,0.70,0.89,2800, 7/5/2024
BR,VS2,I,0.70,0.89,2500, 7/5/2024
BR,SI1,I,0.70,0.89,2300, 7/5/2024
BR,SI2,I,0.70,0.89,2000, 7/5/2024
BR,SI3,I,0.70,0.89,1900, 7/5/2024
BR,I1,I,0.70,0.89,1700, 7/5/2024
BR,I2,I,0.70,0.89,1500, 7/5/2024
BR,I3,I,0.70,0.89,900, 7/5/2024
BR,IF,J,0.70,0.89,3000, 7/5/2024
BR,VVS1,J,0.70,0.89,2800, 7/5/2024
BR,VVS2,J,0.70,0.89,2600, 7/5/2024
BR,VS1,J,0.70,0.89,2400, 7/5/2024
BR,VS2,J,0.70,0.89,2200, 7/5/2024
BR,SI1,J,0.70,0.89,2000, 7/5/2024
BR,SI2,J,0.70,0.89,1800, 7/5/2024
BR,SI3,J,0.70,0.89,1700, 7/5/2024
BR,I1,J,0.70,0.89,1500, 7/5/2024
BR,I2,J,0.70,0.89,1400, 7/5/2024
BR,I3,J,0.70,0.89,800, 7/5/2024
BR,IF,K,0.70,0.89,2600, 7/5/2024
BR,VVS1,K,0.70,0.89,2500, 7/5/2024
BR,VVS2,K,0.70,0.89,2300, 7/5/2024
BR,VS1,K,0.70,0.89,2200, 7/5/2024
BR,VS2,K,0.70,0.89,2000, 7/5/2024
BR,SI1,K,0.70,0.89,1800, 7/5/2024
BR,SI2,K,0.70,0.89,1700, 7/5/2024
BR,SI3,K,0.70,0.89,1600, 7/5/2024
BR,I1,K,0.70,0.89,1400, 7/5/2024
BR,I2,K,0.70,0.89,1200, 7/5/2024
BR,I3,K,0.70,0.89,800, 7/5/2024
BR,IF,L,0.70,0.89,2400, 7/5/2024
BR,VVS1,L,0.70,0.89,2200, 7/5/2024
BR,VVS2,L,0.70,0.89,2000, 7/5/2024
BR,VS1,L,0.70,0.89,1900, 7/5/2024
BR,VS2,L,0.70,0.89,1800, 7/5/2024
BR,SI1,L,0.70,0.89,1600, 7/5/2024
BR,SI2,L,0.70,0.89,1500, 7/5/2024
BR,SI3,L,0.70,0.89,1400, 7/5/2024
BR,I1,L,0.70,0.89,1300, 7/5/2024
BR,I2,L,0.70,0.89,1000, 7/5/2024
BR,I3,L,0.70,0.89,700, 7/5/2024
BR,IF,M,0.70,0.89,2200, 7/5/2024
BR,VVS1,M,0.70,0.89,2000, 7/5/2024
BR,VVS2,M,0.70,0.89,1800, 7/5/2024
BR,VS1,M,0.70,0.89,1700, 7/5/2024
BR,VS2,M,0.70,0.89,1600, 7/5/2024
BR,SI1,M,0.70,0.89,1500, 7/5/2024
BR,SI2,M,0.70,0.89,1400, 7/5/2024
BR,SI3,M,0.70,0.89,1300, 7/5/2024
BR,I1,M,0.70,0.89,1200, 7/5/2024
BR,I2,M,0.70,0.89,800, 7/5/2024
BR,I3,M,0.70,0.89,600, 7/5/2024
BR,IF,D,0.90,0.99,11300, 7/5/2024
BR,VVS1,D,0.90,0.99,10000, 7/5/2024
BR,VVS2,D,0.90,0.99,8300, 7/5/2024
BR,VS1,D,0.90,0.99,6600, 7/5/2024
BR,VS2,D,0.90,0.99,5700, 7/5/2024
BR,SI1,D,0.90,0.99,5200, 7/5/2024
BR,SI2,D,0.90,0.99,4200, 7/5/2024
BR,SI3,D,0.90,0.99,3500, 7/5/2024
BR,I1,D,0.90,0.99,3200, 7/5/2024
BR,I2,D,0.90,0.99,2200, 7/5/2024
BR,I3,D,0.90,0.99,1500, 7/5/2024
BR,IF,E,0.90,0.99,10100, 7/5/2024
BR,VVS1,E,0.90,0.99,9200, 7/5/2024
BR,VVS2,E,0.90,0.99,7700, 7/5/2024
BR,VS1,E,0.90,0.99,6100, 7/5/2024
BR,VS2,E,0.90,0.99,5300, 7/5/2024
BR,SI1,E,0.90,0.99,4800, 7/5/2024
BR,SI2,E,0.90,0.99,3800, 7/5/2024
BR,SI3,E,0.90,0.99,3300, 7/5/2024
BR,I1,E,0.90,0.99,3000, 7/5/2024
BR,I2,E,0.90,0.99,2100, 7/5/2024
BR,I3,E,0.90,0.99,1400, 7/5/2024
BR,IF,F,0.90,0.99,9300, 7/5/2024
BR,VVS1,F,0.90,0.99,8500, 7/5/2024
BR,VVS2,F,0.90,0.99,7200, 7/5/2024
BR,VS1,F,0.90,0.99,5700, 7/5/2024
BR,VS2,F,0.90,0.99,5000, 7/5/2024
BR,SI1,F,0.90,0.99,4500, 7/5/2024
BR,SI2,F,0.90,0.99,3500, 7/5/2024
BR,SI3,F,0.90,0.99,3200, 7/5/2024
BR,I1,F,0.90,0.99,2800, 7/5/2024
BR,I2,F,0.90,0.99,2000, 7/5/2024
BR,I3,F,0.90,0.99,1300, 7/5/2024
BR,IF,G,0.90,0.99,7600, 7/5/2024
BR,VVS1,G,0.90,0.99,7100, 7/5/2024
BR,VVS2,G,0.90,0.99,6100, 7/5/2024
BR,VS1,G,0.90,0.99,5200, 7/5/2024
BR,VS2,G,0.90,0.99,4600, 7/5/2024
BR,SI1,G,0.90,0.99,4100, 7/5/2024
BR,SI2,G,0.90,0.99,3300, 7/5/2024
BR,SI3,G,0.90,0.99,3000, 7/5/2024
BR,I1,G,0.90,0.99,2700, 7/5/2024
BR,I2,G,0.90,0.99,1900, 7/5/2024
BR,I3,G,0.90,0.99,1200, 7/5/2024
BR,IF,H,0.90,0.99,6200, 7/5/2024
BR,VVS1,H,0.90,0.99,5800, 7/5/2024
BR,VVS2,H,0.90,0.99,5200, 7/5/2024
BR,VS1,H,0.90,0.99,4700, 7/5/2024
BR,VS2,H,0.90,0.99,4300, 7/5/2024
BR,SI1,H,0.90,0.99,3800, 7/5/2024
BR,SI2,H,0.90,0.99,3100, 7/5/2024
BR,SI3,H,0.90,0.99,2800, 7/5/2024
BR,I1,H,0.90,0.99,2600, 7/5/2024
BR,I2,H,0.90,0.99,1800, 7/5/2024
BR,I3,H,0.90,0.99,1200, 7/5/2024
BR,IF,I,0.90,0.99,5300, 7/5/2024
BR,VVS1,I,0.90,0.99,4900, 7/5/2024
BR,VVS2,I,0.90,0.99,4500, 7/5/2024
BR,VS1,I,0.90,0.99,4100, 7/5/2024
BR,VS2,I,0.90,0.99,3800, 7/5/2024
BR,SI1,I,0.90,0.99,3400, 7/5/2024
BR,SI2,I,0.90,0.99,2900, 7/5/2024
BR,SI3,I,0.90,0.99,2600, 7/5/2024
BR,I1,I,0.90,0.99,2400, 7/5/2024
BR,I2,I,0.90,0.99,1700, 7/5/2024
BR,I3,I,0.90,0.99,1100, 7/5/2024
BR,IF,J,0.90,0.99,4500, 7/5/2024
BR,VVS1,J,0.90,0.99,4200, 7/5/2024
BR,VVS2,J,0.90,0.99,3800, 7/5/2024
BR,VS1,J,0.90,0.99,3500, 7/5/2024
BR,VS2,J,0.90,0.99,3200, 7/5/2024
BR,SI1,J,0.90,0.99,3000, 7/5/2024
BR,SI2,J,0.90,0.99,2700, 7/5/2024
BR,SI3,J,0.90,0.99,2400, 7/5/2024
BR,I1,J,0.90,0.99,2100, 7/5/2024
BR,I2,J,0.90,0.99,1600, 7/5/2024
BR,I3,J,0.90,0.99,1000, 7/5/2024
BR,IF,K,0.90,0.99,3800, 7/5/2024
BR,VVS1,K,0.90,0.99,3500, 7/5/2024
BR,VVS2,K,0.90,0.99,3200, 7/5/2024
BR,VS1,K,0.90,0.99,3000, 7/5/2024
BR,VS2,K,0.90,0.99,2800, 7/5/2024
BR,SI1,K,0.90,0.99,2700, 7/5/2024
BR,SI2,K,0.90,0.99,2500, 7/5/2024
BR,SI3,K,0.90,0.99,2100, 7/5/2024
BR,I1,K,0.90,0.99,1900, 7/5/2024
BR,I2,K,0.90,0.99,1500, 7/5/2024
BR,I3,K,0.90,0.99,900, 7/5/2024
BR,IF,L,0.90,0.99,3200, 7/5/2024
BR,VVS1,L,0.90,0.99,3000, 7/5/2024
BR,VVS2,L,0.90,0.99,2700, 7/5/2024
BR,VS1,L,0.90,0.99,2500, 7/5/2024
BR,VS2,L,0.90,0.99,2400, 7/5/2024
BR,SI1,L,0.90,0.99,2300, 7/5/2024
BR,SI2,L,0.90,0.99,2200, 7/5/2024
BR,SI3,L,0.90,0.99,2000, 7/5/2024
BR,I1,L,0.90,0.99,1800, 7/5/2024
BR,I2,L,0.90,0.99,1300, 7/5/2024
BR,I3,L,0.90,0.99,800, 7/5/2024
BR,IF,M,0.90,0.99,2700, 7/5/2024
BR,VVS1,M,0.90,0.99,2500, 7/5/2024
BR,VVS2,M,0.90,0.99,2300, 7/5/2024
BR,VS1,M,0.90,0.99,2200, 7/5/2024
BR,VS2,M,0.90,0.99,2100, 7/5/2024
BR,SI1,M,0.90,0.99,2000, 7/5/2024
BR,SI2,M,0.90,0.99,1900, 7/5/2024
BR,SI3,M,0.90,0.99,1700, 7/5/2024
BR,I1,M,0.90,0.99,1500, 7/5/2024
BR,I2,M,0.90,0.99,1100, 7/5/2024
BR,I3,M,0.90,0.99,700, 7/5/2024
BR,IF,D,1.00,1.49,17000, 7/5/2024
BR,VVS1,D,1.00,1.49,13500, 7/5/2024
BR,VVS2,D,1.00,1.49,11400, 7/5/2024
BR,VS1,D,1.00,1.49,10200, 7/5/2024
BR,VS2,D,1.00,1.49,8400, 7/5/2024
BR,SI1,D,1.00,1.49,6800, 7/5/2024
BR,SI2,D,1.00,1.49,5500, 7/5/2024
BR,SI3,D,1.00,1.49,4900, 7/5/2024
BR,I1,D,1.00,1.49,4100, 7/5/2024
BR,I2,D,1.00,1.49,2500, 7/5/2024
BR,I3,D,1.00,1.49,1600, 7/5/2024
BR,IF,E,1.00,1.49,13200, 7/5/2024
BR,VVS1,E,1.00,1.49,11700, 7/5/2024
BR,VVS2,E,1.00,1.49,10300, 7/5/2024
BR,VS1,E,1.00,1.49,9300, 7/5/2024
BR,VS2,E,1.00,1.49,7600, 7/5/2024
BR,SI1,E,1.00,1.49,6300, 7/5/2024
BR,SI2,E,1.00,1.49,5100, 7/5/2024
BR,SI3,E,1.00,1.49,4600, 7/5/2024
BR,I1,E,1.00,1.49,3800, 7/5/2024
BR,I2,E,1.00,1.49,2400, 7/5/2024
BR,I3,E,1.00,1.49,1500, 7/5/2024
BR,IF,F,1.00,1.49,11600, 7/5/2024
BR,VVS1,F,1.00,1.49,10500, 7/5/2024
BR,VVS2,F,1.00,1.49,9400, 7/5/2024
BR,VS1,F,1.00,1.49,8500, 7/5/2024
BR,VS2,F,1.00,1.49,7100, 7/5/2024
BR,SI1,F,1.00,1.49,5900, 7/5/2024
BR,SI2,F,1.00,1.49,4800, 7/5/2024
BR,SI3,F,1.00,1.49,4300, 7/5/2024
BR,I1,F,1.00,1.49,3600, 7/5/2024
BR,I2,F,1.00,1.49,2300, 7/5/2024
BR,I3,F,1.00,1.49,1400, 7/5/2024
BR,IF,G,1.00,1.49,9100, 7/5/2024
BR,VVS1,G,1.00,1.49,8500, 7/5/2024
BR,VVS2,G,1.00,1.49,7900, 7/5/2024
BR,VS1,G,1.00,1.49,7500, 7/5/2024
BR,VS2,G,1.00,1.49,6400, 7/5/2024
BR,SI1,G,1.00,1.49,5500, 7/5/2024
BR,SI2,G,1.00,1.49,4500, 7/5/2024
BR,SI3,G,1.00,1.49,4000, 7/5/2024
BR,I1,G,1.00,1.49,3400, 7/5/2024
BR,I2,G,1.00,1.49,2200, 7/5/2024
BR,I3,G,1.00,1.49,1300, 7/5/2024
BR,IF,H,1.00,1.49,7200, 7/5/2024
BR,VVS1,H,1.00,1.49,6800, 7/5/2024
BR,VVS2,H,1.00,1.49,6500, 7/5/2024
BR,VS1,H,1.00,1.49,6200, 7/5/2024
BR,VS2,H,1.00,1.49,5800, 7/5/2024
BR,SI1,H,1.00,1.49,5000, 7/5/2024
BR,SI2,H,1.00,1.49,4200, 7/5/2024
BR,SI3,H,1.00,1.49,3700, 7/5/2024
BR,I1,H,1.00,1.49,3200, 7/5/2024
BR,I2,H,1.00,1.49,2100, 7/5/2024
BR,I3,H,1.00,1.49,1300, 7/5/2024
BR,IF,I,1.00,1.49,6100, 7/5/2024
BR,VVS1,I,1.00,1.49,5800, 7/5/2024
BR,VVS2,I,1.00,1.49,5500, 7/5/2024
BR,VS1,I,1.00,1.49,5200, 7/5/2024
BR,VS2,I,1.00,1.49,4800, 7/5/2024
BR,SI1,I,1.00,1.49,4400, 7/5/2024
BR,SI2,I,1.00,1.49,3800, 7/5/2024
BR,SI3,I,1.00,1.49,3500, 7/5/2024
BR,I1,I,1.00,1.49,3000, 7/5/2024
BR,I2,I,1.00,1.49,2000, 7/5/2024
BR,I3,I,1.00,1.49,1200, 7/5/2024
BR,IF,J,1.00,1.49,5200, 7/5/2024
BR,VVS1,J,1.00,1.49,4800, 7/5/2024
BR,VVS2,J,1.00,1.49,4400, 7/5/2024
BR,VS1,J,1.00,1.49,4100, 7/5/2024
BR,VS2,J,1.00,1.49,3900, 7/5/2024
BR,SI1,J,1.00,1.49,3700, 7/5/2024
BR,SI2,J,1.00,1.49,3300, 7/5/2024
BR,SI3,J,1.00,1.49,3200, 7/5/2024
BR,I1,J,1.00,1.49,2800, 7/5/2024
BR,I2,J,1.00,1.49,1900, 7/5/2024
BR,I3,J,1.00,1.49,1200, 7/5/2024
BR,IF,K,1.00,1.49,4300, 7/5/2024
BR,VVS1,K,1.00,1.49,4000, 7/5/2024
BR,VVS2,K,1.00,1.49,3700, 7/5/2024
BR,VS1,K,1.00,1.49,3500, 7/5/2024
BR,VS2,K,1.00,1.49,3300, 7/5/2024
BR,SI1,K,1.00,1.49,3100, 7/5/2024
BR,SI2,K,1.00,1.49,2900, 7/5/2024
BR,SI3,K,1.00,1.49,2800, 7/5/2024
BR,I1,K,1.00,1.49,2600, 7/5/2024
BR,I2,K,1.00,1.49,1800, 7/5/2024
BR,I3,K,1.00,1.49,1100, 7/5/2024
BR,IF,L,1.00,1.49,3700, 7/5/2024
BR,VVS1,L,1.00,1.49,3400, 7/5/2024
BR,VVS2,L,1.00,1.49,3100, 7/5/2024
BR,VS1,L,1.00,1.49,2900, 7/5/2024
BR,VS2,L,1.00,1.49,2800, 7/5/2024
BR,SI1,L,1.00,1.49,2700, 7/5/2024
BR,SI2,L,1.00,1.49,2500, 7/5/2024
BR,SI3,L,1.00,1.49,2400, 7/5/2024
BR,I1,L,1.00,1.49,2300, 7/5/2024
BR,I2,L,1.00,1.49,1700, 7/5/2024
BR,I3,L,1.00,1.49,1000, 7/5/2024
BR,IF,M,1.00,1.49,3100, 7/5/2024
BR,VVS1,M,1.00,1.49,2900, 7/5/2024
BR,VVS2,M,1.00,1.49,2800, 7/5/2024
BR,VS1,M,1.00,1.49,2700, 7/5/2024
BR,VS2,M,1.00,1.49,2600, 7/5/2024
BR,SI1,M,1.00,1.49,2400, 7/5/2024
BR,SI2,M,1.00,1.49,2200, 7/5/2024
BR,SI3,M,1.00,1.49,2100, 7/5/2024
BR,I1,M,1.00,1.49,2000, 7/5/2024
BR,I2,M,1.00,1.49,1600, 7/5/2024
BR,I3,M,1.00,1.49,1000, 7/5/2024
BR,IF,D,1.50,1.99,22000, 7/5/2024
BR,VVS1,D,1.50,1.99,19700, 7/5/2024
BR,VVS2,D,1.50,1.99,16200, 7/5/2024
BR,VS1,D,1.50,1.99,14100, 7/5/2024
BR,VS2,D,1.50,1.99,12600, 7/5/2024
BR,SI1,D,1.50,1.99,10100, 7/5/2024
BR,SI2,D,1.50,1.99,8300, 7/5/2024
BR,SI3,D,1.50,1.99,7400, 7/5/2024
BR,I1,D,1.50,1.99,6000, 7/5/2024
BR,I2,D,1.50,1.99,3500, 7/5/2024
BR,I3,D,1.50,1.99,1800, 7/5/2024
BR,IF,E,1.50,1.99,19800, 7/5/2024
BR,VVS1,E,1.50,1.99,18200, 7/5/2024
BR,VVS2,E,1.50,1.99,15100, 7/5/2024
BR,VS1,E,1.50,1.99,12800, 7/5/2024
BR,VS2,E,1.50,1.99,11600, 7/5/2024
BR,SI1,E,1.50,1.99,9400, 7/5/2024
BR,SI2,E,1.50,1.99,7600, 7/5/2024
BR,SI3,E,1.50,1.99,6800, 7/5/2024
BR,I1,E,1.50,1.99,5800, 7/5/2024
BR,I2,E,1.50,1.99,3300, 7/5/2024
BR,I3,E,1.50,1.99,1700, 7/5/2024
BR,IF,F,1.50,1.99,17200, 7/5/2024
BR,VVS1,F,1.50,1.99,16100, 7/5/2024
BR,VVS2,F,1.50,1.99,13900, 7/5/2024
BR,VS1,F,1.50,1.99,11900, 7/5/2024
BR,VS2,F,1.50,1.99,10800, 7/5/2024
BR,SI1,F,1.50,1.99,8800, 7/5/2024
BR,SI2,F,1.50,1.99,7100, 7/5/2024
BR,SI3,F,1.50,1.99,6400, 7/5/2024
BR,I1,F,1.50,1.99,5500, 7/5/2024
BR,I2,F,1.50,1.99,3200, 7/5/2024
BR,I3,F,1.50,1.99,1600, 7/5/2024
BR,IF,G,1.50,1.99,14300, 7/5/2024
BR,VVS1,G,1.50,1.99,13300, 7/5/2024
BR,VVS2,G,1.50,1.99,12000, 7/5/2024
BR,VS1,G,1.50,1.99,10500, 7/5/2024
BR,VS2,G,1.50,1.99,9400, 7/5/2024
BR,SI1,G,1.50,1.99,8200, 7/5/2024
BR,SI2,G,1.50,1.99,6700, 7/5/2024
BR,SI3,G,1.50,1.99,6100, 7/5/2024
BR,I1,G,1.50,1.99,5200, 7/5/2024
BR,I2,G,1.50,1.99,3000, 7/5/2024
BR,I3,G,1.50,1.99,1500, 7/5/2024
BR,IF,H,1.50,1.99,11500, 7/5/2024
BR,VVS1,H,1.50,1.99,10600, 7/5/2024
BR,VVS2,H,1.50,1.99,9700, 7/5/2024
BR,VS1,H,1.50,1.99,8700, 7/5/2024
BR,VS2,H,1.50,1.99,8000, 7/5/2024
BR,SI1,H,1.50,1.99,7500, 7/5/2024
BR,SI2,H,1.50,1.99,6300, 7/5/2024
BR,SI3,H,1.50,1.99,5800, 7/5/2024
BR,I1,H,1.50,1.99,4800, 7/5/2024
BR,I2,H,1.50,1.99,2900, 7/5/2024
BR,I3,H,1.50,1.99,1500, 7/5/2024
BR,IF,I,1.50,1.99,9400, 7/5/2024
BR,VVS1,I,1.50,1.99,8800, 7/5/2024
BR,VVS2,I,1.50,1.99,8000, 7/5/2024
BR,VS1,I,1.50,1.99,7400, 7/5/2024
BR,VS2,I,1.50,1.99,6900, 7/5/2024
BR,SI1,I,1.50,1.99,6500, 7/5/2024
BR,SI2,I,1.50,1.99,5900, 7/5/2024
BR,SI3,I,1.50,1.99,5400, 7/5/2024
BR,I1,I,1.50,1.99,4500, 7/5/2024
BR,I2,I,1.50,1.99,2700, 7/5/2024
BR,I3,I,1.50,1.99,1400, 7/5/2024
BR,IF,J,1.50,1.99,7800, 7/5/2024
BR,VVS1,J,1.50,1.99,7200, 7/5/2024
BR,VVS2,J,1.50,1.99,6600, 7/5/2024
BR,VS1,J,1.50,1.99,6300, 7/5/2024
BR,VS2,J,1.50,1.99,6000, 7/5/2024
BR,SI1,J,1.50,1.99,5600, 7/5/2024
BR,SI2,J,1.50,1.99,5100, 7/5/2024
BR,SI3,J,1.50,1.99,4700, 7/5/2024
BR,I1,J,1.50,1.99,4100, 7/5/2024
BR,I2,J,1.50,1.99,2600, 7/5/2024
BR,I3,J,1.50,1.99,1400, 7/5/2024
BR,IF,K,1.50,1.99,6900, 7/5/2024
BR,VVS1,K,1.50,1.99,6200, 7/5/2024
BR,VVS2,K,1.50,1.99,5700, 7/5/2024
BR,VS1,K,1.50,1.99,5400, 7/5/2024
BR,VS2,K,1.50,1.99,5100, 7/5/2024
BR,SI1,K,1.50,1.99,4800, 7/5/2024
BR,SI2,K,1.50,1.99,4400, 7/5/2024
BR,SI3,K,1.50,1.99,4100, 7/5/2024
BR,I1,K,1.50,1.99,3800, 7/5/2024
BR,I2,K,1.50,1.99,2400, 7/5/2024
BR,I3,K,1.50,1.99,1300, 7/5/2024
BR,IF,L,1.50,1.99,5900, 7/5/2024
BR,VVS1,L,1.50,1.99,5200, 7/5/2024
BR,VVS2,L,1.50,1.99,4900, 7/5/2024
BR,VS1,L,1.50,1.99,4600, 7/5/2024
BR,VS2,L,1.50,1.99,4400, 7/5/2024
BR,SI1,L,1.50,1.99,4200, 7/5/2024
BR,SI2,L,1.50,1.99,3900, 7/5/2024
BR,SI3,L,1.50,1.99,3600, 7/5/2024
BR,I1,L,1.50,1.99,3500, 7/5/2024
BR,I2,L,1.50,1.99,2300, 7/5/2024
BR,I3,L,1.50,1.99,1200, 7/5/2024
BR,IF,M,1.50,1.99,5200, 7/5/2024
BR,VVS1,M,1.50,1.99,4600, 7/5/2024
BR,VVS2,M,1.50,1.99,4300, 7/5/2024
BR,VS1,M,1.50,1.99,4100, 7/5/2024
BR,VS2,M,1.50,1.99,3900, 7/5/2024
BR,SI1,M,1.50,1.99,3700, 7/5/2024
BR,SI2,M,1.50,1.99,3500, 7/5/2024
BR,SI3,M,1.50,1.99,3300, 7/5/2024
BR,I1,M,1.50,1.99,3200, 7/5/2024
BR,I2,M,1.50,1.99,2200, 7/5/2024
BR,I3,M,1.50,1.99,1200, 7/5/2024
BR,IF,D,2.00,2.99,35000, 7/5/2024
BR,VVS1,D,2.00,2.99,28500, 7/5/2024
BR,VVS2,D,2.00,2.99,24500, 7/5/2024
BR,VS1,D,2.00,2.99,21500, 7/5/2024
BR,VS2,D,2.00,2.99,18000, 7/5/2024
BR,SI1,D,2.00,2.99,14700, 7/5/2024
BR,SI2,D,2.00,2.99,11800, 7/5/2024
BR,SI3,D,2.00,2.99,9900, 7/5/2024
BR,I1,D,2.00,2.99,8000, 7/5/2024
BR,I2,D,2.00,2.99,4100, 7/5/2024
BR,I3,D,2.00,2.99,1900, 7/5/2024
BR,IF,E,2.00,2.99,28500, 7/5/2024
BR,VVS1,E,2.00,2.99,25500, 7/5/2024
BR,VVS2,E,2.00,2.99,22000, 7/5/2024
BR,VS1,E,2.00,2.99,20000, 7/5/2024
BR,VS2,E,2.00,2.99,16500, 7/5/2024
BR,SI1,E,2.00,2.99,13800, 7/5/2024
BR,SI2,E,2.00,2.99,10900, 7/5/2024
BR,SI3,E,2.00,2.99,9200, 7/5/2024
BR,I1,E,2.00,2.99,7600, 7/5/2024
BR,I2,E,2.00,2.99,3900, 7/5/2024
BR,I3,E,2.00,2.99,1800, 7/5/2024
BR,IF,F,2.00,2.99,26000, 7/5/2024
BR,VVS1,F,2.00,2.99,23000, 7/5/2024
BR,VVS2,F,2.00,2.99,20500, 7/5/2024
BR,VS1,F,2.00,2.99,18500, 7/5/2024
BR,VS2,F,2.00,2.99,15500, 7/5/2024
BR,SI1,F,2.00,2.99,12800, 7/5/2024
BR,SI2,F,2.00,2.99,10200, 7/5/2024
BR,SI3,F,2.00,2.99,8600, 7/5/2024
BR,I1,F,2.00,2.99,7200, 7/5/2024
BR,I2,F,2.00,2.99,3700, 7/5/2024
BR,I3,F,2.00,2.99,1700, 7/5/2024
BR,IF,G,2.00,2.99,21500, 7/5/2024
BR,VVS1,G,2.00,2.99,19500, 7/5/2024
BR,VVS2,G,2.00,2.99,17500, 7/5/2024
BR,VS1,G,2.00,2.99,15500, 7/5/2024
BR,VS2,G,2.00,2.99,14000, 7/5/2024
BR,SI1,G,2.00,2.99,11700, 7/5/2024
BR,SI2,G,2.00,2.99,9600, 7/5/2024
BR,SI3,G,2.00,2.99,8000, 7/5/2024
BR,I1,G,2.00,2.99,6800, 7/5/2024
BR,I2,G,2.00,2.99,3500, 7/5/2024
BR,I3,G,2.00,2.99,1600, 7/5/2024
BR,IF,H,2.00,2.99,17000, 7/5/2024
BR,VVS1,H,2.00,2.99,15500, 7/5/2024
BR,VVS2,H,2.00,2.99,14000, 7/5/2024
BR,VS1,H,2.00,2.99,13000, 7/5/2024
BR,VS2,H,2.00,2.99,12000, 7/5/2024
BR,SI1,H,2.00,2.99,10800, 7/5/2024
BR,SI2,H,2.00,2.99,9000, 7/5/2024
BR,SI3,H,2.00,2.99,7400, 7/5/2024
BR,I1,H,2.00,2.99,6500, 7/5/2024
BR,I2,H,2.00,2.99,3300, 7/5/2024
BR,I3,H,2.00,2.99,1500, 7/5/2024
BR,IF,I,2.00,2.99,14000, 7/5/2024
BR,VVS1,I,2.00,2.99,12500, 7/5/2024
BR,VVS2,I,2.00,2.99,11500, 7/5/2024
BR,VS1,I,2.00,2.99,10500, 7/5/2024
BR,VS2,I,2.00,2.99,9700, 7/5/2024
BR,SI1,I,2.00,2.99,9000, 7/5/2024
BR,SI2,I,2.00,2.99,8200, 7/5/2024
BR,SI3,I,2.00,2.99,6900, 7/5/2024
BR,I1,I,2.00,2.99,6100, 7/5/2024
BR,I2,I,2.00,2.99,3100, 7/5/2024
BR,I3,I,2.00,2.99,1500, 7/5/2024
BR,IF,J,2.00,2.99,11400, 7/5/2024
BR,VVS1,J,2.00,2.99,10400, 7/5/2024
BR,VVS2,J,2.00,2.99,9600, 7/5/2024
BR,VS1,J,2.00,2.99,8900, 7/5/2024
BR,VS2,J,2.00,2.99,8200, 7/5/2024
BR,SI1,J,2.00,2.99,7600, 7/5/2024
BR,SI2,J,2.00,2.99,6900, 7/5/2024
BR,SI3,J,2.00,2.99,6400, 7/5/2024
BR,I1,J,2.00,2.99,5700, 7/5/2024
BR,I2,J,2.00,2.99,2900, 7/5/2024
BR,I3,J,2.00,2.99,1400, 7/5/2024
BR,IF,K,2.00,2.99,9600, 7/5/2024
BR,VVS1,K,2.00,2.99,8700, 7/5/2024
BR,VVS2,K,2.00,2.99,8000, 7/5/2024
BR,VS1,K,2.00,2.99,7400, 7/5/2024
BR,VS2,K,2.00,2.99,6900, 7/5/2024
BR,SI1,K,2.00,2.99,6400, 7/5/2024
BR,SI2,K,2.00,2.99,5900, 7/5/2024
BR,SI3,K,2.00,2.99,5600, 7/5/2024
BR,I1,K,2.00,2.99,5000, 7/5/2024
BR,I2,K,2.00,2.99,2800, 7/5/2024
BR,I3,K,2.00,2.99,1400, 7/5/2024
BR,IF,L,2.00,2.99,8200, 7/5/2024
BR,VVS1,L,2.00,2.99,7500, 7/5/2024
BR,VVS2,L,2.00,2.99,6900, 7/5/2024
BR,VS1,L,2.00,2.99,6400, 7/5/2024
BR,VS2,L,2.00,2.99,6000, 7/5/2024
BR,SI1,L,2.00,2.99,5600, 7/5/2024
BR,SI2,L,2.00,2.99,5200, 7/5/2024
BR,SI3,L,2.00,2.99,4900, 7/5/2024
BR,I1,L,2.00,2.99,4600, 7/5/2024
BR,I2,L,2.00,2.99,2700, 7/5/2024
BR,I3,L,2.00,2.99,1300, 7/5/2024
BR,IF,M,2.00,2.99,7200, 7/5/2024
BR,VVS1,M,2.00,2.99,6700, 7/5/2024
BR,VVS2,M,2.00,2.99,6000, 7/5/2024
BR,VS1,M,2.00,2.99,5600, 7/5/2024
BR,VS2,M,2.00,2.99,5300, 7/5/2024
BR,SI1,M,2.00,2.99,5000, 7/5/2024
BR,SI2,M,2.00,2.99,4700, 7/5/2024
BR,SI3,M,2.00,2.99,4500, 7/5/2024
BR,I1,M,2.00,2.99,4200, 7/5/2024
BR,I2,M,2.00,2.99,2600, 7/5/2024
BR,I3,M,2.00,2.99,1300, 7/5/2024
BR,IF,D,3.00,3.99,59000, 7/5/2024
BR,VVS1,D,3.00,3.99,50000, 7/5/2024
BR,VVS2,D,3.00,3.99,43000, 7/5/2024
BR,VS1,D,3.00,3.99,37000, 7/5/2024
BR,VS2,D,3.00,3.99,31000, 7/5/2024
BR,SI1,D,3.00,3.99,23500, 7/5/2024
BR,SI2,D,3.00,3.99,20000, 7/5/2024
BR,SI3,D,3.00,3.99,13900, 7/5/2024
BR,I1,D,3.00,3.99,10300, 7/5/2024
BR,I2,D,3.00,3.99,4900, 7/5/2024
BR,I3,D,3.00,3.99,2100, 7/5/2024
BR,IF,E,3.00,3.99,47500, 7/5/2024
BR,VVS1,E,3.00,3.99,44000, 7/5/2024
BR,VVS2,E,3.00,3.99,39000, 7/5/2024
BR,VS1,E,3.00,3.99,33500, 7/5/2024
BR,VS2,E,3.00,3.99,28000, 7/5/2024
BR,SI1,E,3.00,3.99,21000, 7/5/2024
BR,SI2,E,3.00,3.99,18500, 7/5/2024
BR,SI3,E,3.00,3.99,13100, 7/5/2024
BR,I1,E,3.00,3.99,9800, 7/5/2024
BR,I2,E,3.00,3.99,4700, 7/5/2024
BR,I3,E,3.00,3.99,2000, 7/5/2024
BR,IF,F,3.00,3.99,42500, 7/5/2024
BR,VVS1,F,3.00,3.99,39500, 7/5/2024
BR,VVS2,F,3.00,3.99,35000, 7/5/2024
BR,VS1,F,3.00,3.99,31000, 7/5/2024
BR,VS2,F,3.00,3.99,26000, 7/5/2024
BR,SI1,F,3.00,3.99,19500, 7/5/2024
BR,SI2,F,3.00,3.99,17000, 7/5/2024
BR,SI3,F,3.00,3.99,12400, 7/5/2024
BR,I1,F,3.00,3.99,9300, 7/5/2024
BR,I2,F,3.00,3.99,4500, 7/5/2024
BR,I3,F,3.00,3.99,1900, 7/5/2024
BR,IF,G,3.00,3.99,35500, 7/5/2024
BR,VVS1,G,3.00,3.99,33000, 7/5/2024
BR,VVS2,G,3.00,3.99,29500, 7/5/2024
BR,VS1,G,3.00,3.99,25500, 7/5/2024
BR,VS2,G,3.00,3.99,22000, 7/5/2024
BR,SI1,G,3.00,3.99,18000, 7/5/2024
BR,SI2,G,3.00,3.99,15500, 7/5/2024
BR,SI3,G,3.00,3.99,11200, 7/5/2024
BR,I1,G,3.00,3.99,8700, 7/5/2024
BR,I2,G,3.00,3.99,4300, 7/5/2024
BR,I3,G,3.00,3.99,1800, 7/5/2024
BR,IF,H,3.00,3.99,28500, 7/5/2024
BR,VVS1,H,3.00,3.99,26000, 7/5/2024
BR,VVS2,H,3.00,3.99,23500, 7/5/2024
BR,VS1,H,3.00,3.99,21500, 7/5/2024
BR,VS2,H,3.00,3.99,19000, 7/5/2024
BR,SI1,H,3.00,3.99,16000, 7/5/2024
BR,SI2,H,3.00,3.99,13500, 7/5/2024
BR,SI3,H,3.00,3.99,10100, 7/5/2024
BR,I1,H,3.00,3.99,8200, 7/5/2024
BR,I2,H,3.00,3.99,4100, 7/5/2024
BR,I3,H,3.00,3.99,1700, 7/5/2024
BR,IF,I,3.00,3.99,23000, 7/5/2024
BR,VVS1,I,3.00,3.99,21500, 7/5/2024
BR,VVS2,I,3.00,3.99,19500, 7/5/2024
BR,VS1,I,3.00,3.99,18000, 7/5/2024
BR,VS2,I,3.00,3.99,16000, 7/5/2024
BR,SI1,I,3.00,3.99,14000, 7/5/2024
BR,SI2,I,3.00,3.99,12000, 7/5/2024
BR,SI3,I,3.00,3.99,9200, 7/5/2024
BR,I1,I,3.00,3.99,7700, 7/5/2024
BR,I2,I,3.00,3.99,3800, 7/5/2024
BR,I3,I,3.00,3.99,1600, 7/5/2024
BR,IF,J,3.00,3.99,18000, 7/5/2024
BR,VVS1,J,3.00,3.99,17000, 7/5/2024
BR,VVS2,J,3.00,3.99,15500, 7/5/2024
BR,VS1,J,3.00,3.99,14000, 7/5/2024
BR,VS2,J,3.00,3.99,13000, 7/5/2024
BR,SI1,J,3.00,3.99,12000, 7/5/2024
BR,SI2,J,3.00,3.99,11000, 7/5/2024
BR,SI3,J,3.00,3.99,8400, 7/5/2024
BR,I1,J,3.00,3.99,7100, 7/5/2024
BR,I2,J,3.00,3.99,3500, 7/5/2024
BR,I3,J,3.00,3.99,1500, 7/5/2024
BR,IF,K,3.00,3.99,15000, 7/5/2024
BR,VVS1,K,3.00,3.99,14000, 7/5/2024
BR,VVS2,K,3.00,3.99,13000, 7/5/2024
BR,VS1,K,3.00,3.99,12000, 7/5/2024
BR,VS2,K,3.00,3.99,11000, 7/5/2024
BR,SI1,K,3.00,3.99,10300, 7/5/2024
BR,SI2,K,3.00,3.99,9700, 7/5/2024
BR,SI3,K,3.00,3.99,7600, 7/5/2024
BR,I1,K,3.00,3.99,6200, 7/5/2024
BR,I2,K,3.00,3.99,3300, 7/5/2024
BR,I3,K,3.00,3.99,1500, 7/5/2024
BR,IF,L,3.00,3.99,12200, 7/5/2024
BR,VVS1,L,3.00,3.99,11500, 7/5/2024
BR,VVS2,L,3.00,3.99,10800, 7/5/2024
BR,VS1,L,3.00,3.99,10300, 7/5/2024
BR,VS2,L,3.00,3.99,9500, 7/5/2024
BR,SI1,L,3.00,3.99,9000, 7/5/2024
BR,SI2,L,3.00,3.99,8200, 7/5/2024
BR,SI3,L,3.00,3.99,6500, 7/5/2024
BR,I1,L,3.00,3.99,5500, 7/5/2024
BR,I2,L,3.00,3.99,3100, 7/5/2024
BR,I3,L,3.00,3.99,1400, 7/5/2024
BR,IF,M,3.00,3.99,10000, 7/5/2024
BR,VVS1,M,3.00,3.99,9400, 7/5/2024
BR,VVS2,M,3.00,3.99,8800, 7/5/2024
BR,VS1,M,3.00,3.99,8300, 7/5/2024
BR,VS2,M,3.00,3.99,7900, 7/5/2024
BR,SI1,M,3.00,3.99,7500, 7/5/2024
BR,SI2,M,3.00,3.99,6700, 7/5/2024
BR,SI3,M,3.00,3.99,5800, 7/5/2024
BR,I1,M,3.00,3.99,4700, 7/5/2024
BR,I2,M,3.00,3.99,3000, 7/5/2024
BR,I3,M,3.00,3.99,1400, 7/5/2024
BR,IF,D,4.00,4.99,77000, 7/5/2024
BR,VVS1,D,4.00,4.99,66500, 7/5/2024
BR,VVS2,D,4.00,4.99,60500, 7/5/2024
BR,VS1,D,4.00,4.99,51000, 7/5/2024
BR,VS2,D,4.00,4.99,42500, 7/5/2024
BR,SI1,D,4.00,4.99,31500, 7/5/2024
BR,SI2,D,4.00,4.99,25500, 7/5/2024
BR,SI3,D,4.00,4.99,15500, 7/5/2024
BR,I1,D,4.00,4.99,11100, 7/5/2024
BR,I2,D,4.00,4.99,5400, 7/5/2024
BR,I3,D,4.00,4.99,2300, 7/5/2024
BR,IF,E,4.00,4.99,62500, 7/5/2024
BR,VVS1,E,4.00,4.99,58500, 7/5/2024
BR,VVS2,E,4.00,4.99,52500, 7/5/2024
BR,VS1,E,4.00,4.99,46500, 7/5/2024
BR,VS2,E,4.00,4.99,40000, 7/5/2024
BR,SI1,E,4.00,4.99,29500, 7/5/2024
BR,SI2,E,4.00,4.99,24000, 7/5/2024
BR,SI3,E,4.00,4.99,14500, 7/5/2024
BR,I1,E,4.00,4.99,10600, 7/5/2024
BR,I2,E,4.00,4.99,5200, 7/5/2024
BR,I3,E,4.00,4.99,2200, 7/5/2024
BR,IF,F,4.00,4.99,56500, 7/5/2024
BR,VVS1,F,4.00,4.99,52000, 7/5/2024
BR,VVS2,F,4.00,4.99,47500, 7/5/2024
BR,VS1,F,4.00,4.99,41000, 7/5/2024
BR,VS2,F,4.00,4.99,35500, 7/5/2024
BR,SI1,F,4.00,4.99,27500, 7/5/2024
BR,SI2,F,4.00,4.99,22500, 7/5/2024
BR,SI3,F,4.00,4.99,13800, 7/5/2024
BR,I1,F,4.00,4.99,10100, 7/5/2024
BR,I2,F,4.00,4.99,5000, 7/5/2024
BR,I3,F,4.00,4.99,2100, 7/5/2024
BR,IF,G,4.00,4.99,46500, 7/5/2024
BR,VVS1,G,4.00,4.99,43000, 7/5/2024
BR,VVS2,G,4.00,4.99,39500, 7/5/2024
BR,VS1,G,4.00,4.99,36000, 7/5/2024
BR,VS2,G,4.00,4.99,31500, 7/5/2024
BR,SI1,G,4.00,4.99,24500, 7/5/2024
BR,SI2,G,4.00,4.99,20000, 7/5/2024
BR,SI3,G,4.00,4.99,12700, 7/5/2024
BR,I1,G,4.00,4.99,9500, 7/5/2024
BR,I2,G,4.00,4.99,4700, 7/5/2024
BR,I3,G,4.00,4.99,2000, 7/5/2024
BR,IF,H,4.00,4.99,36000, 7/5/2024
BR,VVS1,H,4.00,4.99,33500, 7/5/2024
BR,VVS2,H,4.00,4.99,31500, 7/5/2024
BR,VS1,H,4.00,4.99,29500, 7/5/2024
BR,VS2,H,4.00,4.99,26000, 7/5/2024
BR,SI1,H,4.00,4.99,21500, 7/5/2024
BR,SI2,H,4.00,4.99,18000, 7/5/2024
BR,SI3,H,4.00,4.99,11400, 7/5/2024
BR,I1,H,4.00,4.99,9000, 7/5/2024
BR,I2,H,4.00,4.99,4400, 7/5/2024
BR,I3,H,4.00,4.99,1900, 7/5/2024
BR,IF,I,4.00,4.99,28000, 7/5/2024
BR,VVS1,I,4.00,4.99,26000, 7/5/2024
BR,VVS2,I,4.00,4.99,24500, 7/5/2024
BR,VS1,I,4.00,4.99,23000, 7/5/2024
BR,VS2,I,4.00,4.99,21000, 7/5/2024
BR,SI1,I,4.00,4.99,19000, 7/5/2024
BR,SI2,I,4.00,4.99,16000, 7/5/2024
BR,SI3,I,4.00,4.99,10500, 7/5/2024
BR,I1,I,4.00,4.99,8600, 7/5/2024
BR,I2,I,4.00,4.99,4100, 7/5/2024
BR,I3,I,4.00,4.99,1800, 7/5/2024
BR,IF,J,4.00,4.99,22500, 7/5/2024
BR,VVS1,J,4.00,4.99,21000, 7/5/2024
BR,VVS2,J,4.00,4.99,19500, 7/5/2024
BR,VS1,J,4.00,4.99,18500, 7/5/2024
BR,VS2,J,4.00,4.99,17000, 7/5/2024
BR,SI1,J,4.00,4.99,15500, 7/5/2024
BR,SI2,J,4.00,4.99,14000, 7/5/2024
BR,SI3,J,4.00,4.99,9500, 7/5/2024
BR,I1,J,4.00,4.99,7500, 7/5/2024
BR,I2,J,4.00,4.99,3900, 7/5/2024
BR,I3,J,4.00,4.99,1700, 7/5/2024
BR,IF,K,4.00,4.99,18500, 7/5/2024
BR,VVS1,K,4.00,4.99,17500, 7/5/2024
BR,VVS2,K,4.00,4.99,16000, 7/5/2024
BR,VS1,K,4.00,4.99,15000, 7/5/2024
BR,VS2,K,4.00,4.99,14000, 7/5/2024
BR,SI1,K,4.00,4.99,13000, 7/5/2024
BR,SI2,K,4.00,4.99,12000, 7/5/2024
BR,SI3,K,4.00,4.99,8300, 7/5/2024
BR,I1,K,4.00,4.99,6600, 7/5/2024
BR,I2,K,4.00,4.99,3600, 7/5/2024
BR,I3,K,4.00,4.99,1700, 7/5/2024
BR,IF,L,4.00,4.99,15000, 7/5/2024
BR,VVS1,L,4.00,4.99,14000, 7/5/2024
BR,VVS2,L,4.00,4.99,13000, 7/5/2024
BR,VS1,L,4.00,4.99,12000, 7/5/2024
BR,VS2,L,4.00,4.99,11500, 7/5/2024
BR,SI1,L,4.00,4.99,10500, 7/5/2024
BR,SI2,L,4.00,4.99,10000, 7/5/2024
BR,SI3,L,4.00,4.99,7300, 7/5/2024
BR,I1,L,4.00,4.99,5900, 7/5/2024
BR,I2,L,4.00,4.99,3400, 7/5/2024
BR,I3,L,4.00,4.99,1600, 7/5/2024
BR,IF,M,4.00,4.99,12500, 7/5/2024
BR,VVS1,M,4.00,4.99,11500, 7/5/2024
BR,VVS2,M,4.00,4.99,10500, 7/5/2024
BR,VS1,M,4.00,4.99,10000, 7/5/2024
BR,VS2,M,4.00,4.99,9500, 7/5/2024
BR,SI1,M,4.00,4.99,9000, 7/5/2024
BR,SI2,M,4.00,4.99,8000, 7/5/2024
BR,SI3,M,4.00,4.99,6500, 7/5/2024
BR,I1,M,4.00,4.99,5000, 7/5/2024
BR,I2,M,4.00,4.99,3200, 7/5/2024
BR,I3,M,4.00,4.99,1600, 7/5/2024
BR,IF,D,5.00,5.99,104000, 7/5/2024
BR,VVS1,D,5.00,5.99,89000, 7/5/2024
BR,VVS2,D,5.00,5.99,77000, 7/5/2024
BR,VS1,D,5.00,5.99,69000, 7/5/2024
BR,VS2,D,5.00,5.99,58000, 7/5/2024
BR,SI1,D,5.00,5.99,43000, 7/5/2024
BR,SI2,D,5.00,5.99,31500, 7/5/2024
BR,SI3,D,5.00,5.99,17500, 7/5/2024
BR,I1,D,5.00,5.99,12500, 7/5/2024
BR,I2,D,5.00,5.99,6000, 7/5/2024
BR,I3,D,5.00,5.99,2500, 7/5/2024
BR,IF,E,5.00,5.99,83500, 7/5/2024
BR,VVS1,E,5.00,5.99,75000, 7/5/2024
BR,VVS2,E,5.00,5.99,67000, 7/5/2024
BR,VS1,E,5.00,5.99,59500, 7/5/2024
BR,VS2,E,5.00,5.99,52000, 7/5/2024
BR,SI1,E,5.00,5.99,39500, 7/5/2024
BR,SI2,E,5.00,5.99,29500, 7/5/2024
BR,SI3,E,5.00,5.99,17000, 7/5/2024
BR,I1,E,5.00,5.99,12000, 7/5/2024
BR,I2,E,5.00,5.99,5700, 7/5/2024
BR,I3,E,5.00,5.99,2300, 7/5/2024
BR,IF,F,5.00,5.99,73000, 7/5/2024
BR,VVS1,F,5.00,5.99,67000, 7/5/2024
BR,VVS2,F,5.00,5.99,59500, 7/5/2024
BR,VS1,F,5.00,5.99,54000, 7/5/2024
BR,VS2,F,5.00,5.99,46500, 7/5/2024
BR,SI1,F,5.00,5.99,36000, 7/5/2024
BR,SI2,F,5.00,5.99,28000, 7/5/2024
BR,SI3,F,5.00,5.99,16000, 7/5/2024
BR,I1,F,5.00,5.99,11500, 7/5/2024
BR,I2,F,5.00,5.99,5400, 7/5/2024
BR,I3,F,5.00,5.99,2200, 7/5/2024
BR,IF,G,5.00,5.99,60500, 7/5/2024
BR,VVS1,G,5.00,5.99,55500, 7/5/2024
BR,VVS2,G,5.00,5.99,50500, 7/5/2024
BR,VS1,G,5.00,5.99,46000, 7/5/2024
BR,VS2,G,5.00,5.99,39500, 7/5/2024
BR,SI1,G,5.00,5.99,32000, 7/5/2024
BR,SI2,G,5.00,5.99,26000, 7/5/2024
BR,SI3,G,5.00,5.99,15000, 7/5/2024
BR,I1,G,5.00,5.99,11000, 7/5/2024
BR,I2,G,5.00,5.99,5100, 7/5/2024
BR,I3,G,5.00,5.99,2100, 7/5/2024
BR,IF,H,5.00,5.99,48000, 7/5/2024
BR,VVS1,H,5.00,5.99,44500, 7/5/2024
BR,VVS2,H,5.00,5.99,40000, 7/5/2024
BR,VS1,H,5.00,5.99,36000, 7/5/2024
BR,VS2,H,5.00,5.99,32500, 7/5/2024
BR,SI1,H,5.00,5.99,26500, 7/5/2024
BR,SI2,H,5.00,5.99,22500, 7/5/2024
BR,SI3,H,5.00,5.99,14000, 7/5/2024
BR,I1,H,5.00,5.99,10000, 7/5/2024
BR,I2,H,5.00,5.99,4800, 7/5/2024
BR,I3,H,5.00,5.99,2100, 7/5/2024
BR,IF,I,5.00,5.99,36500, 7/5/2024
BR,VVS1,I,5.00,5.99,34500, 7/5/2024
BR,VVS2,I,5.00,5.99,31500, 7/5/2024
BR,VS1,I,5.00,5.99,29000, 7/5/2024
BR,VS2,I,5.00,5.99,25500, 7/5/2024
BR,SI1,I,5.00,5.99,22500, 7/5/2024
BR,SI2,I,5.00,5.99,19500, 7/5/2024
BR,SI3,I,5.00,5.99,13000, 7/5/2024
BR,I1,I,5.00,5.99,9500, 7/5/2024
BR,I2,I,5.00,5.99,4600, 7/5/2024
BR,I3,I,5.00,5.99,2000, 7/5/2024
BR,IF,J,5.00,5.99,28000, 7/5/2024
BR,VVS1,J,5.00,5.99,26000, 7/5/2024
BR,VVS2,J,5.00,5.99,24000, 7/5/2024
BR,VS1,J,5.00,5.99,22000, 7/5/2024
BR,VS2,J,5.00,5.99,20500, 7/5/2024
BR,SI1,J,5.00,5.99,19500, 7/5/2024
BR,SI2,J,5.00,5.99,17000, 7/5/2024
BR,SI3,J,5.00,5.99,12000, 7/5/2024
BR,I1,J,5.00,5.99,8800, 7/5/2024
BR,I2,J,5.00,5.99,4300, 7/5/2024
BR,I3,J,5.00,5.99,1900, 7/5/2024
BR,IF,K,5.00,5.99,22000, 7/5/2024
BR,VVS1,K,5.00,5.99,21000, 7/5/2024
BR,VVS2,K,5.00,5.99,19500, 7/5/2024
BR,VS1,K,5.00,5.99,18000, 7/5/2024
BR,VS2,K,5.00,5.99,17000, 7/5/2024
BR,SI1,K,5.00,5.99,16500, 7/5/2024
BR,SI2,K,5.00,5.99,15000, 7/5/2024
BR,SI3,K,5.00,5.99,11000, 7/5/2024
BR,I1,K,5.00,5.99,8100, 7/5/2024
BR,I2,K,5.00,5.99,4100, 7/5/2024
BR,I3,K,5.00,5.99,1800, 7/5/2024
BR,IF,L,5.00,5.99,18000, 7/5/2024
BR,VVS1,L,5.00,5.99,16500, 7/5/2024
BR,VVS2,L,5.00,5.99,15500, 7/5/2024
BR,VS1,L,5.00,5.99,15000, 7/5/2024
BR,VS2,L,5.00,5.99,14000, 7/5/2024
BR,SI1,L,5.00,5.99,13500, 7/5/2024
BR,SI2,L,5.00,5.99,12500, 7/5/2024
BR,SI3,L,5.00,5.99,10000, 7/5/2024
BR,I1,L,5.00,5.99,6900, 7/5/2024
BR,I2,L,5.00,5.99,3700, 7/5/2024
BR,I3,L,5.00,5.99,1700, 7/5/2024
BR,IF,M,5.00,5.99,15000, 7/5/2024
BR,VVS1,M,5.00,5.99,14000, 7/5/2024
BR,VVS2,M,5.00,5.99,13000, 7/5/2024
BR,VS1,M,5.00,5.99,12500, 7/5/2024
BR,VS2,M,5.00,5.99,12000, 7/5/2024
BR,SI1,M,5.00,5.99,11000, 7/5/2024
BR,SI2,M,5.00,5.99,10000, 7/5/2024
BR,SI3,M,5.00,5.99,8000, 7/5/2024
BR,I1,M,5.00,5.99,6000, 7/5/2024
BR,I2,M,5.00,5.99,3400, 7/5/2024
BR,I3,M,5.00,5.99,1600, 7/5/2024
BR,IF,D,10.00,10.99,147000, 7/5/2024
BR,VVS1,D,10.00,10.99,136000, 7/5/2024
BR,VVS2,D,10.00,10.99,120000, 7/5/2024
BR,VS1,D,10.00,10.99,107000, 7/5/2024
BR,VS2,D,10.00,10.99,90000, 7/5/2024
BR,SI1,D,10.00,10.99,63500, 7/5/2024
BR,SI2,D,10.00,10.99,46500, 7/5/2024
BR,SI3,D,10.00,10.99,25000, 7/5/2024
BR,I1,D,10.00,10.99,14000, 7/5/2024
BR,I2,D,10.00,10.99,6600, 7/5/2024
BR,I3,D,10.00,10.99,2700, 7/5/2024
BR,IF,E,10.00,10.99,127000, 7/5/2024
BR,VVS1,E,10.00,10.99,116000, 7/5/2024
BR,VVS2,E,10.00,10.99,103000, 7/5/2024
BR,VS1,E,10.00,10.99,93000, 7/5/2024
BR,VS2,E,10.00,10.99,82000, 7/5/2024
BR,SI1,E,10.00,10.99,58500, 7/5/2024
BR,SI2,E,10.00,10.99,43000, 7/5/2024
BR,SI3,E,10.00,10.99,23500, 7/5/2024
BR,I1,E,10.00,10.99,13500, 7/5/2024
BR,I2,E,10.00,10.99,6300, 7/5/2024
BR,I3,E,10.00,10.99,2600, 7/5/2024
BR,IF,F,10.00,10.99,111000, 7/5/2024
BR,VVS1,F,10.00,10.99,104000, 7/5/2024
BR,VVS2,F,10.00,10.99,93000, 7/5/2024
BR,VS1,F,10.00,10.99,83500, 7/5/2024
BR,VS2,F,10.00,10.99,71500, 7/5/2024
BR,SI1,F,10.00,10.99,53500, 7/5/2024
BR,SI2,F,10.00,10.99,40000, 7/5/2024
BR,SI3,F,10.00,10.99,22000, 7/5/2024
BR,I1,F,10.00,10.99,13000, 7/5/2024
BR,I2,F,10.00,10.99,6000, 7/5/2024
BR,I3,F,10.00,10.99,2500, 7/5/2024
BR,IF,G,10.00,10.99,93000, 7/5/2024
BR,VVS1,G,10.00,10.99,86500, 7/5/2024
BR,VVS2,G,10.00,10.99,78500, 7/5/2024
BR,VS1,G,10.00,10.99,71500, 7/5/2024
BR,VS2,G,10.00,10.99,61000, 7/5/2024
BR,SI1,G,10.00,10.99,48500, 7/5/2024
BR,SI2,G,10.00,10.99,37000, 7/5/2024
BR,SI3,G,10.00,10.99,20500, 7/5/2024
BR,I1,G,10.00,10.99,12500, 7/5/2024
BR,I2,G,10.00,10.99,5700, 7/5/2024
BR,I3,G,10.00,10.99,2400, 7/5/2024
BR,IF,H,10.00,10.99,75000, 7/5/2024
BR,VVS1,H,10.00,10.99,69500, 7/5/2024
BR,VVS2,H,10.00,10.99,63000, 7/5/2024
BR,VS1,H,10.00,10.99,56500, 7/5/2024
BR,VS2,H,10.00,10.99,50000, 7/5/2024
BR,SI1,H,10.00,10.99,40500, 7/5/2024
BR,SI2,H,10.00,10.99,32500, 7/5/2024
BR,SI3,H,10.00,10.99,18500, 7/5/2024
BR,I1,H,10.00,10.99,12000, 7/5/2024
BR,I2,H,10.00,10.99,5500, 7/5/2024
BR,I3,H,10.00,10.99,2300, 7/5/2024
BR,IF,I,10.00,10.99,57000, 7/5/2024
BR,VVS1,I,10.00,10.99,53500, 7/5/2024
BR,VVS2,I,10.00,10.99,49500, 7/5/2024
BR,VS1,I,10.00,10.99,46000, 7/5/2024
BR,VS2,I,10.00,10.99,40500, 7/5/2024
BR,SI1,I,10.00,10.99,34000, 7/5/2024
BR,SI2,I,10.00,10.99,27500, 7/5/2024
BR,SI3,I,10.00,10.99,17000, 7/5/2024
BR,I1,I,10.00,10.99,11500, 7/5/2024
BR,I2,I,10.00,10.99,5200, 7/5/2024
BR,I3,I,10.00,10.99,2200, 7/5/2024
BR,IF,J,10.00,10.99,44000, 7/5/2024
BR,VVS1,J,10.00,10.99,40500, 7/5/2024
BR,VVS2,J,10.00,10.99,37500, 7/5/2024
BR,VS1,J,10.00,10.99,35000, 7/5/2024
BR,VS2,J,10.00,10.99,32500, 7/5/2024
BR,SI1,J,10.00,10.99,28500, 7/5/2024
BR,SI2,J,10.00,10.99,23500, 7/5/2024
BR,SI3,J,10.00,10.99,15000, 7/5/2024
BR,I1,J,10.00,10.99,11000, 7/5/2024
BR,I2,J,10.00,10.99,4900, 7/5/2024
BR,I3,J,10.00,10.99,2100, 7/5/2024
BR,IF,K,10.00,10.99,34500, 7/5/2024
BR,VVS1,K,10.00,10.99,32500, 7/5/2024
BR,VVS2,K,10.00,10.99,30000, 7/5/2024
BR,VS1,K,10.00,10.99,27500, 7/5/2024
BR,VS2,K,10.00,10.99,25500, 7/5/2024
BR,SI1,K,10.00,10.99,23500, 7/5/2024
BR,SI2,K,10.00,10.99,20000, 7/5/2024
BR,SI3,K,10.00,10.99,13500, 7/5/2024
BR,I1,K,10.00,10.99,10000, 7/5/2024
BR,I2,K,10.00,10.99,4700, 7/5/2024
BR,I3,K,10.00,10.99,2000, 7/5/2024
BR,IF,L,10.00,10.99,27000, 7/5/2024
BR,VVS1,L,10.00,10.99,25500, 7/5/2024
BR,VVS2,L,10.00,10.99,24000, 7/5/2024
BR,VS1,L,10.00,10.99,22500, 7/5/2024
BR,VS2,L,10.00,10.99,21000, 7/5/2024
BR,SI1,L,10.00,10.99,19500, 7/5/2024
BR,SI2,L,10.00,10.99,16500, 7/5/2024
BR,SI3,L,10.00,10.99,12000, 7/5/2024
BR,I1,L,10.00,10.99,8500, 7/5/2024
BR,I2,L,10.00,10.99,4500, 7/5/2024
BR,I3,L,10.00,10.99,1900, 7/5/2024
BR,IF,M,10.00,10.99,22500, 7/5/2024
BR,VVS1,M,10.00,10.99,21000, 7/5/2024
BR,VVS2,M,10.00,10.99,19500, 7/5/2024
BR,VS1,M,10.00,10.99,18500, 7/5/2024
BR,VS2,M,10.00,10.99,17500, 7/5/2024
BR,SI1,M,10.00,10.99,16500, 7/5/2024
BR,SI2,M,10.00,10.99,14000, 7/5/2024
BR,SI3,M,10.00,10.99,10500, 7/5/2024
BR,I1,M,10.00,10.99,7500, 7/5/2024
BR,I2,M,10.00,10.99,4300, 7/5/2024
BR,I3,M,10.00,10.99,1800, 7/5/2024
